TINE/DOOCS address, file value
PETRA/Cms.MagnetPs/QE001/Strom.Soll, 272.7965
PETRA/Cms.MagnetPs/ME005/Strom.Soll, 208.29419
PETRA/Cms.MagnetPs/QE007/Strom.Soll, 168.36316
PETRA/Cms.MagnetPs/QE016/Strom.Soll, 166.57726
PETRA/Cms.MagnetPs/VME017/Strom.Soll, 8.430305
PETRA/Cms.MagnetPs/QE019/Strom.Soll, 201.33852
PETRA/Cms.MagnetPs/QE123/Strom.Soll, 190.55467
PETRA/Cms.MagnetPs/QE131/Strom.Soll, 201.14198
PETRA/Cms.MagnetPs/QE149/Strom.Soll, 218.17654
PETRA/Cms.MagnetPs/QE158/Strom.Soll, 302.13626
PETRA/Cms.MagnetPs/ME163/Strom.Soll, 732.89087
PETRA/Cms.MagnetPs/QE165/Strom.Soll, 158.79698
PETRA/Cms.MagnetPs/QE170/Strom.Soll, 183.8468
PETRA/Cms.MagnetPs/QE174/Strom.Soll, 193.09254
PETRA/Cms.MagnetPs/QE179/Strom.Soll, 103.467766
PETRA/Cms.MagnetPs/IME186/Strom.Soll, 977.84393
PETRA/Cms.MagnetPs/SHE03/Strom.Soll, 2.3040433
PETRA/Cms.MagnetPs/SVE03/Strom.Soll, -1.4469937
PETRA/Cms.MagnetPs/SHE12/Strom.Soll, -0.17698322
PETRA/Cms.MagnetPs/SHE119/Strom.Soll, -0.32398286
PETRA/Cms.MagnetPs/SVE120/Strom.Soll, 2.5719502
PETRA/Cms.MagnetPs/SHE150/Strom.Soll, 0.23197219
PETRA/Cms.MagnetPs/SVE160/Strom.Soll, -2.1719782
PETRA/Cms.MagnetPs/SVE170/Strom.Soll, -2.3479888
PETRA/Cms.MagnetPs/SVE178/Strom.Soll, -4.5100107
PETRA/Cms.MagnetPs/SHE183/Strom.Soll, 2.450986
PETRA/Cms.MagnetPs/SVE188/Strom.Soll, -0.100021556
PETRA/Cms.MagnetPs/SVE189/Strom.Soll, 2.422032
PETRA/EWegBPMs/M000/orbitX, -0.4277757 20014
PETRA/EWegBPMs/M020/orbitX, -1.3918598 20014
PETRA/EWegBPMs/M119/orbitX, 0.44405097 20014
PETRA/EWegBPMs/M144/orbitX, 0.48266408 20014
PETRA/EWegBPMs/M161/orbitX, 2.8087559 20014
PETRA/EWegBPMs/M169/orbitX, -4.4159293 20014
PETRA/EWegBPMs/M178/orbitX, 2.4349594 20014
PETRA/EWegBPMs/M185/orbitX, -6.3156767 20014
PETRA/EWegBPMs/M000/orbitZ, 0.28518385 20014
PETRA/EWegBPMs/M020/orbitZ, 2.8213372 20014
PETRA/EWegBPMs/M119/orbitZ, -2.220255 20014
PETRA/EWegBPMs/M144/orbitZ, -2.4133203 20014
PETRA/EWegBPMs/M161/orbitZ, -4.4137597 20014
PETRA/EWegBPMs/M169/orbitZ, -4.4080887 20014
PETRA/EWegBPMs/M178/orbitZ, -3.7378693 20014
PETRA/EWegBPMs/M185/orbitZ, -5.1603703 20014
PETRA/Scrapers.Eweg/Scraper-E-020a/TargetPosition, 19.7785107421875
PETRA/Scrapers.Eweg/Scraper-E-020i/TargetPosition, -20.7583984375
PETRA/Scrapers.Eweg/Scraper-E-020o/TargetPosition, 20.1466796875
PETRA/Scrapers.Eweg/Scraper-E-020u/TargetPosition, -21.2455078125
PETRA/Scrapers.Eweg/Scraper-E-130a/TargetPosition, 19.0421826171875
PETRA/Scrapers.Eweg/Scraper-E-130i/TargetPosition, -20.0220654296875
PETRA/Scrapers.Eweg/Scraper-E-130o/TargetPosition, 19.0421826171875
PETRA/Scrapers.Eweg/Scraper-E-130u/TargetPosition, -19.7785107421875
PETRA/Cms.MagnetPs/D/Strom.Soll, 495.39835
PETRA/Cms.MagnetPs/PDA/Strom.Soll, 437.13394
PETRA/Cms.MagnetPs/PKPDA_NR_66/Strom.Soll, 0.0
PETRA/Cms.MagnetPs/PDA_NR_66/Strom.Soll, 380.4676
PETRA/Cms.MagnetPs/PDE_NR_72/Strom.Soll, 397.76422
PETRA/Cms.MagnetPs/PKPDA_NR_77/Strom.Soll, 0.0
PETRA/Cms.MagnetPs/PDA_NR_77/Strom.Soll, 277.26343
PETRA/Cms.MagnetPs/PKPDD_NR_87/Strom.Soll, 0.0
PETRA/Cms.MagnetPs/PDD_NR_87/Strom.Soll, 278.48795
PETRA/Cms.MagnetPs/PDE_NR_93/Strom.Soll, 399.69598
PETRA/Cms.MagnetPs/PKPDA_NR_99/Strom.Soll, 0.0
PETRA/Cms.MagnetPs/PDA_NR_99/Strom.Soll, 380.4676
PETRA/Cms.MagnetPs/PKPDA_NOR_37/Strom.Soll, -5.8379855
PETRA/Cms.MagnetPs/PKPDA_NOR_45/Strom.Soll, 5.821277
PETRA/Cms.MagnetPs/PKPDA_NOR_60/Strom.Soll, 5.821277
PETRA/Cms.MagnetPs/PKPDA_NOR_68/Strom.Soll, -5.8379855
PETRA/Cms.MagnetPs/PKPDA_NOR_83/Strom.Soll, -5.8379855
PETRA/Cms.MagnetPs/PKPDA_NOR_91/Strom.Soll, 5.821277
PETRA/Cms.MagnetPs/PKPDA_NOR_106/Strom.Soll, 5.821277
PETRA/Cms.MagnetPs/PKPDA_NOR_114/Strom.Soll, -5.8379855
PETRA/Cms.MagnetPs/PKPDA_NOR_129/Strom.Soll, -5.8379855
PETRA/Cms.MagnetPs/PKPDA_OL_151/Strom.Soll, 5.821277
PETRA/Cms.MagnetPs/PKPDA_OL_136/Strom.Soll, 5.821277
PETRA/Cms.MagnetPs/PKPDA_OL_128/Strom.Soll, -5.8379855
PETRA/Cms.MagnetPs/PKPDA_OL_113/Strom.Soll, -5.8379855
PETRA/Cms.MagnetPs/PKPDA_OL_105/Strom.Soll, 5.821277
PETRA/Cms.MagnetPs/PKPDA_OL_90/Strom.Soll, 5.821277
PETRA/Cms.MagnetPs/PKPDA_OL_82/Strom.Soll, 5.821277
PETRA/Cms.MagnetPs/PKPDA_OL_67/Strom.Soll, 5.8210483
PETRA/Cms.MagnetPs/PKPDA_OL_59/Strom.Soll, -5.8369555
PETRA/Cms.MagnetPs/PKPDA_OR_66/Strom.Soll, 0.0
PETRA/Cms.MagnetPs/PDA_OR_66/Strom.Soll, 380.43896
PETRA/Cms.MagnetPs/PDE_OR_72/Strom.Soll, 399.52087
PETRA/Cms.MagnetPs/PKPDA_OR_77/Strom.Soll, 0.0
PETRA/Cms.MagnetPs/PDA_OR_77/Strom.Soll, 277.2783
PETRA/Cms.MagnetPs/PKPDD_OR_87/Strom.Soll, 0.0
PETRA/Cms.MagnetPs/PDD_OR_87/Strom.Soll, 278.46964
PETRA/Cms.MagnetPs/PDE_OR_93/Strom.Soll, 397.76422
PETRA/Cms.MagnetPs/PKPDA_OR_99/Strom.Soll, 0.0
PETRA/Cms.MagnetPs/PDA_OR_99/Strom.Soll, 380.4676
PETRA/Cms.MagnetPs/PDC_NOR_53/Strom.Soll, -2.196011
PETRA/Cms.MagnetPs/PDC_NOR_99/Strom.Soll, -2.1045725
PETRA/Cms.MagnetPs/PDC_OL_143/Strom.Soll, -2.1009104
PETRA/Cms.MagnetPs/PDC_OL_97/Strom.Soll, -2.0356789
PETRA/Cms.MagnetPs/PDC_OL_74/Strom.Soll, -2.012619
PETRA/Cms.MagnetPs/S1/Strom.Soll, 477.82703
PETRA/Cms.MagnetPs/S2/Strom.Soll, 223.68341
PETRA/Cms.MagnetPs/S3/Strom.Soll, 477.9735
PETRA/Cms.MagnetPs/S4/Strom.Soll, 223.24602
PETRA/Cms.MagnetPs/Q1K/Strom.Soll, 215.04965
PETRA/Cms.MagnetPs/Q0K/Strom.Soll, 146.17212
PETRA/Cms.MagnetPs/Q6N/Strom.Soll, 439.8465
PETRA/Cms.MagnetPs/QD/Strom.Soll, 449.1892
PETRA/Cms.MagnetPs/QF/Strom.Soll, 449.73395
PETRA/Cms.MagnetPs/QK1/Strom.Soll, 408.0433
PETRA/Cms.MagnetPs/Q5K/Strom.Soll, 315.9022
PETRA/Cms.MagnetPs/Q7N/Strom.Soll, 293.71487
PETRA/Cms.MagnetPs/Q9N/Strom.Soll, 276.45303
PETRA/Cms.MagnetPs/Q0B/Strom.Soll, 317.89493
PETRA/Cms.MagnetPs/Q1/Strom.Soll, 414.33414
PETRA/Cms.MagnetPs/Q2B/Strom.Soll, 477.0021
PETRA/Cms.MagnetPs/Q3/Strom.Soll, 411.62762
PETRA/Cms.MagnetPs/Q0A/Strom.Soll, 280.06915
PETRA/Cms.MagnetPs/Q2A/Strom.Soll, 482.3408
PETRA/Cms.MagnetPs/QK3/Strom.Soll, 392.99545
PETRA/Cms.MagnetPs/Q4A/Strom.Soll, 410.44772
PETRA/Cms.MagnetPs/Q2K/Strom.Soll, 217.94958
PETRA/Cms.MagnetPs/Q4K/Strom.Soll, 214.9303
PETRA/Cms.MagnetPs/Q9N_W/Strom.Soll, 457.6341
PETRA/Cms.MagnetPs/Q6N_W/Strom.Soll, 522.6939
PETRA/Cms.MagnetPs/Q5N_W/Strom.Soll, 461.40952
PETRA/Cms.MagnetPs/Q4N_W/Strom.Soll, 425.8904
PETRA/Cms.MagnetPs/Q3N_W/Strom.Soll, 506.16858
PETRA/Cms.MagnetPs/Q2N_W/Strom.Soll, 491.63342
PETRA/Cms.MagnetPs/Q1N_W/Strom.Soll, 412.637
PETRA/Cms.MagnetPs/Q9N_N/Strom.Soll, 305.85654
PETRA/Cms.MagnetPs/Q6N_N/Strom.Soll, 524.5993
PETRA/Cms.MagnetPs/Q5N_N/Strom.Soll, 471.23886
PETRA/Cms.MagnetPs/Q4N_N/Strom.Soll, 411.63907
PETRA/Cms.MagnetPs/Q3N_N/Strom.Soll, 506.12167
PETRA/Cms.MagnetPs/Q2N_N/Strom.Soll, 519.55133
PETRA/Cms.MagnetPs/Q1N_N/Strom.Soll, 397.53305
PETRA/Cms.MagnetPs/Q7N_N/Strom.Soll, 267.8655
PETRA/Cms.MagnetPs/Q0N_O/Strom.Soll, 261.49686
PETRA/Cms.MagnetPs/Q1N_O/Strom.Soll, 177.23956
PETRA/Cms.MagnetPs/Q2N_OL/Strom.Soll, 268.47778
PETRA/Cms.MagnetPs/Q3N_OL/Strom.Soll, 322.80527
PETRA/Cms.MagnetPs/Q4N_OL/Strom.Soll, 288.67435
PETRA/Cms.MagnetPs/Q5N_S/Strom.Soll, 417.70328
PETRA/Cms.MagnetPs/Q4N_S/Strom.Soll, 422.61395
PETRA/Cms.MagnetPs/Q3N_S/Strom.Soll, 446.66605
PETRA/Cms.MagnetPs/Q2N_S/Strom.Soll, 461.42096
PETRA/Cms.MagnetPs/Q1N_S/Strom.Soll, 271.14655
PETRA/Cms.MagnetPs/Q0N_S/Strom.Soll, 463.3035
PETRA/Cms.MagnetPs/QQN_L/Strom.Soll, 58.27755
PETRA/Cms.MagnetPs/Q9N_L/Strom.Soll, 75.70655
PETRA/Cms.MagnetPs/Q8N_L/Strom.Soll, 41.514515
PETRA/Cms.MagnetPs/Q7N_L/Strom.Soll, 205.78806
PETRA/Cms.MagnetPs/Q6N_L/Strom.Soll, 188.59532
PETRA/Cms.MagnetPs/Q5N_L/Strom.Soll, 171.88623
PETRA/Cms.MagnetPs/Q4K_L/Strom.Soll, 163.18562
PETRA/Cms.MagnetPs/Q3K_L/Strom.Soll, 230.49544
PETRA/Cms.MagnetPs/Q2K_L/Strom.Soll, 226.88333
PETRA/Cms.MagnetPs/Q1K_L/Strom.Soll, 277.1668
PETRA/Cms.MagnetPs/Q0K_L/Strom.Soll, 183.52765
PETRA/Cms.MagnetPs/Q1K_R/Strom.Soll, 278.87714
PETRA/Cms.MagnetPs/Q2K_R/Strom.Soll, 407.2983
PETRA/Cms.MagnetPs/Q3K_R/Strom.Soll, 422.66202
PETRA/Cms.MagnetPs/Q4K_R/Strom.Soll, 192.83548
PETRA/Cms.MagnetPs/QA4_NOR_39/Strom.Soll, 114.81247
PETRA/Cms.MagnetPs/QA5_NOR_41/Strom.Soll, 151.49161
PETRA/Cms.MagnetPs/QA4_OL_61/Strom.Soll, 111.80892
PETRA/Cms.MagnetPs/QA5_OL_62/Strom.Soll, 151.38213
PETRA/Cms.MagnetPs/QA1_NOR_49/Strom.Soll, 43.104942
PETRA/Cms.MagnetPs/QA2_NOR_48/Strom.Soll, 48.775043
PETRA/Cms.MagnetPs/QA3_NOR_46/Strom.Soll, 94.0285
PETRA/Cms.MagnetPs/QA4_NOR_43/Strom.Soll, 102.476776
PETRA/Cms.MagnetPs/QA5_NOR_42/Strom.Soll, 139.17195
PETRA/Cms.MagnetPs/QA1_NOR_56/Strom.Soll, 42.46354
PETRA/Cms.MagnetPs/QA2_NOR_57/Strom.Soll, 47.840443
PETRA/Cms.MagnetPs/QA3_NOR_59/Strom.Soll, 93.99913
PETRA/Cms.MagnetPs/QA4_NOR_62/Strom.Soll, 102.183044
PETRA/Cms.MagnetPs/QA5_NOR_64/Strom.Soll, 138.1455
PETRA/Cms.MagnetPs/QA1_NOR_72/Strom.Soll, 13.714626
PETRA/Cms.MagnetPs/QA2_NOR_71/Strom.Soll, 73.98635
PETRA/Cms.MagnetPs/QA3_NOR_70/Strom.Soll, 100.400894
PETRA/Cms.MagnetPs/QA4_NOR_66/Strom.Soll, 112.980644
PETRA/Cms.MagnetPs/QA5_NOR_65/Strom.Soll, 150.89987
PETRA/Cms.MagnetPs/QA1_NOR_79/Strom.Soll, 13.479641
PETRA/Cms.MagnetPs/QA2_NOR_80/Strom.Soll, 73.603966
PETRA/Cms.MagnetPs/QA3_NOR_82/Strom.Soll, 99.991806
PETRA/Cms.MagnetPs/QA4_NOR_85/Strom.Soll, 112.461006
PETRA/Cms.MagnetPs/QA5_NOR_87/Strom.Soll, 150.92444
PETRA/Cms.MagnetPs/QB1_NOR_95/Strom.Soll, 31.550583
PETRA/Cms.MagnetPs/QB2_NOR_94/Strom.Soll, 152.04865
PETRA/Cms.MagnetPs/QB3_NOR_93/Strom.Soll, 138.30998
PETRA/Cms.MagnetPs/QB4_NOR_89/Strom.Soll, 104.18577
PETRA/Cms.MagnetPs/QB5_NOR_88/Strom.Soll, 145.09787
PETRA/Cms.MagnetPs/QB1_NOR_102/Strom.Soll, 31.563934
PETRA/Cms.MagnetPs/QB2_NOR_103/Strom.Soll, 151.95358
PETRA/Cms.MagnetPs/QB3_NOR_105/Strom.Soll, 138.01305
PETRA/Cms.MagnetPs/QB4_NOR_108/Strom.Soll, 103.94544
PETRA/Cms.MagnetPs/QB5_NOR_110/Strom.Soll, 145.21323
PETRA/Cms.MagnetPs/QA2_NOR_117/Strom.Soll, 73.763115
PETRA/Cms.MagnetPs/QA1_NOR_118/Strom.Soll, 13.568829
PETRA/Cms.MagnetPs/QA3_NOR_116/Strom.Soll, 100.18674
PETRA/Cms.MagnetPs/QA4_NOR_112/Strom.Soll, 112.59826
PETRA/Cms.MagnetPs/QA5_NOR_111/Strom.Soll, 150.97304
PETRA/Cms.MagnetPs/QA1_NOR_125/Strom.Soll, 13.711422
PETRA/Cms.MagnetPs/QA2_NOR_126/Strom.Soll, 74.032814
PETRA/Cms.MagnetPs/QA3_NOR_128/Strom.Soll, 100.16057
PETRA/Cms.MagnetPs/QA4_NOR_131/Strom.Soll, 112.67036
PETRA/Cms.MagnetPs/QA5_NOR_133/Strom.Soll, 150.97304
PETRA/Cms.MagnetPs/QA5_OL_154/Strom.Soll, 138.10918
PETRA/Cms.MagnetPs/QA4_OL_153/Strom.Soll, 102.37691
PETRA/Cms.MagnetPs/QA3_OL_149/Strom.Soll, 94.36656
PETRA/Cms.MagnetPs/QA2_OL_148/Strom.Soll, 48.064747
PETRA/Cms.MagnetPs/QA1_OL_147/Strom.Soll, 42.78985
PETRA/Cms.MagnetPs/QA1_OL_140/Strom.Soll, 42.94526
PETRA/Cms.MagnetPs/QA2_OL_139/Strom.Soll, 48.329105
PETRA/Cms.MagnetPs/QA3_OL_137/Strom.Soll, 94.27844
PETRA/Cms.MagnetPs/QA4_OL_134/Strom.Soll, 102.39613
PETRA/Cms.MagnetPs/QA5_OL_132/Strom.Soll, 138.16846
PETRA/Cms.MagnetPs/QB2_OL_125/Strom.Soll, 153.61183
PETRA/Cms.MagnetPs/QB1_OL_124/Strom.Soll, 41.958855
PETRA/Cms.MagnetPs/QB3_OL_126/Strom.Soll, 130.13248
PETRA/Cms.MagnetPs/QB4_OL_130/Strom.Soll, 112.90267
PETRA/Cms.MagnetPs/QB5_OL_131/Strom.Soll, 150.98532
PETRA/Cms.MagnetPs/QB1_OL_117/Strom.Soll, 41.861656
PETRA/Cms.MagnetPs/QB2_OL_116/Strom.Soll, 153.73253
PETRA/Cms.MagnetPs/QB3_OL_114/Strom.Soll, 129.6844
PETRA/Cms.MagnetPs/QB4_OL_111/Strom.Soll, 112.59826
PETRA/Cms.MagnetPs/QB5_OL_109/Strom.Soll, 150.8769
PETRA/Cms.MagnetPs/QA1_OL_101/Strom.Soll, 42.989586
PETRA/Cms.MagnetPs/QA2_OL_102/Strom.Soll, 48.330173
PETRA/Cms.MagnetPs/QA3_OL_103/Strom.Soll, 94.52838
PETRA/Cms.MagnetPs/QA4_OL_107/Strom.Soll, 102.53392
PETRA/Cms.MagnetPs/QA5_OL_108/Strom.Soll, 138.00984
PETRA/Cms.MagnetPs/QA1_OL_94/Strom.Soll, 42.73858
PETRA/Cms.MagnetPs/QA2_OL_93/Strom.Soll, 48.13898
PETRA/Cms.MagnetPs/QA3_OL_91/Strom.Soll, 94.04773
PETRA/Cms.MagnetPs/QA4_OL_88/Strom.Soll, 101.98865
PETRA/Cms.MagnetPs/QA5_OL_86/Strom.Soll, 138.28755
PETRA/Cms.MagnetPs/QA1_OL_78/Strom.Soll, 43.206413
PETRA/Cms.MagnetPs/QA2_OL_79/Strom.Soll, 48.360615
PETRA/Cms.MagnetPs/QA3_OL_80/Strom.Soll, 94.795944
PETRA/Cms.MagnetPs/QA4_OL_84/Strom.Soll, 102.58786
PETRA/Cms.MagnetPs/QA5_OL_85/Strom.Soll, 138.14816
PETRA/Cms.MagnetPs/QA1_OL_71/Strom.Soll, 42.8785
PETRA/Cms.MagnetPs/QA2_OL_70/Strom.Soll, 47.80733
PETRA/Cms.MagnetPs/QA3_OL_68/Strom.Soll, 94.98981
PETRA/Cms.MagnetPs/QA4_OL_65/Strom.Soll, 102.768906
PETRA/Cms.MagnetPs/QA5_OL_63/Strom.Soll, 138.1236
PETRA/Cms.MagnetPs/Q0B_NR_60/Strom.Soll, 150.90147
PETRA/Cms.MagnetPs/Q3_NR_62/Strom.Soll, 120.92797
PETRA/Cms.MagnetPs/Q2_NR_67/Strom.Soll, 84.90732
PETRA/Cms.MagnetPs/Q1_NR_68/Strom.Soll, 123.27249
PETRA/Cms.MagnetPs/Q1_NR_75/Strom.Soll, 122.14936
PETRA/Cms.MagnetPs/Q2_NR_76/Strom.Soll, 112.702934
PETRA/Cms.MagnetPs/Q3_NR_80/Strom.Soll, 69.20546
PETRA/Cms.MagnetPs/Q0B_NR_82/Strom.Soll, 106.70919
PETRA/Cms.MagnetPs/Q3_NR_85/Strom.Soll, 68.30344
PETRA/Cms.MagnetPs/Q2_NR_89/Strom.Soll, 111.95739
PETRA/Cms.MagnetPs/Q1_NR_90/Strom.Soll, 122.0073
PETRA/Cms.MagnetPs/Q1_NR_97/Strom.Soll, 140.96799
PETRA/Cms.MagnetPs/Q2_NR_98/Strom.Soll, 104.331566
PETRA/Cms.MagnetPs/Q3_NR_103/Strom.Soll, 112.69332
PETRA/Cms.MagnetPs/Q0B_NR_104/Strom.Soll, 159.30222
PETRA/Cms.MagnetPs/Q1_NR_112/Strom.Soll, 335.3343
PETRA/Cms.MagnetPs/Q2B_NR_119/Strom.Soll, 474.47983
PETRA/Cms.MagnetPs/Q3_NR_126/Strom.Soll, 419.82846
PETRA/Cms.MagnetPs/QF_NR_133/Strom.Soll, 505.4808
PETRA/Cms.MagnetPs/Q01_OR_9/Strom.Soll, 489.98547
PETRA/Cms.MagnetPs/Q02_OR_12/Strom.Soll, 450.05466
PETRA/Cms.MagnetPs/Q03_OR_16/Strom.Soll, 216.2926
PETRA/Cms.MagnetPs/Q04_OR_24/Strom.Soll, 343.8224
PETRA/Cms.MagnetPs/Q05_OR_27/Strom.Soll, 554.7454
PETRA/Cms.MagnetPs/Q06_OR_30/Strom.Soll, 344.3511
PETRA/Cms.MagnetPs/PDG_OR_31/Strom.Soll, 1.570819
PETRA/Cms.MagnetPs/PDG_OR_34/Strom.Soll, -1.570819
PETRA/Cms.MagnetPs/Q07_OR_38/Strom.Soll, 363.2648
PETRA/Cms.MagnetPs/PDG_OR_40/Strom.Soll, -1.570819
PETRA/Cms.MagnetPs/Q08_OR_41/Strom.Soll, 500.92374
PETRA/Cms.MagnetPs/PDG_OR_43/Strom.Soll, 1.570819
PETRA/Cms.MagnetPs/Q7N_OR_45/Strom.Soll, 268.22028
PETRA/Cms.MagnetPs/Q9N_OR_53/Strom.Soll, 268.2592
PETRA/Cms.MagnetPs/Q0B_OR_60/Strom.Soll, 147.76122
PETRA/Cms.MagnetPs/Q3_OR_62/Strom.Soll, 108.8983
PETRA/Cms.MagnetPs/Q2_OR_67/Strom.Soll, 110.60782
PETRA/Cms.MagnetPs/Q1_OR_68/Strom.Soll, 141.83957
PETRA/Cms.MagnetPs/Q1_OR_75/Strom.Soll, 122.867676
PETRA/Cms.MagnetPs/Q2_OR_76/Strom.Soll, 112.8733
PETRA/Cms.MagnetPs/Q3_OR_80/Strom.Soll, 69.595856
PETRA/Cms.MagnetPs/Q0B_OR_82/Strom.Soll, 106.545235
PETRA/Cms.MagnetPs/Q3_OR_85/Strom.Soll, 69.09865
PETRA/Cms.MagnetPs/Q2_OR_89/Strom.Soll, 112.04017
PETRA/Cms.MagnetPs/Q1_OR_90/Strom.Soll, 121.59341
PETRA/Cms.MagnetPs/Q1_OR_97/Strom.Soll, 141.44864
PETRA/Cms.MagnetPs/Q2_OR_98/Strom.Soll, 103.2015
PETRA/Cms.MagnetPs/Q3_OR_103/Strom.Soll, 112.3355
PETRA/Cms.MagnetPs/Q0B_OR_104/Strom.Soll, 159.74603
PETRA/Cms.MagnetPs/Q1_OR_112/Strom.Soll, 335.74283
PETRA/Cms.MagnetPs/Q2B_OR_119/Strom.Soll, 473.33655
PETRA/Cms.MagnetPs/Q3_OR_126/Strom.Soll, 419.85135
PETRA/Cms.MagnetPs/QF_OR_133/Strom.Soll, 506.20865
PETRA/Cms.MagnetPs/QS_W1/Strom.Soll, -2.5875142
PETRA/Cms.MagnetPs/QS_W2/Strom.Soll, 13.423488
PETRA/Cms.MagnetPs/QS_W3/Strom.Soll, 3.7751842
PETRA/Cms.MagnetPs/QS_W4/Strom.Soll, -0.92079335
PETRA/Cms.MagnetPs/QS_N1/Strom.Soll, -4.33915
PETRA/Cms.MagnetPs/QS_N2/Strom.Soll, -0.6385815
PETRA/Cms.MagnetPs/QS_N3/Strom.Soll, -7.2628922
PETRA/Cms.MagnetPs/QS_N4/Strom.Soll, 4.6101465
PETRA/Cms.MagnetPs/QS_NO1/Strom.Soll, -3.3938663
PETRA/Cms.MagnetPs/QS_NO2/Strom.Soll, 3.0928862
PETRA/Cms.MagnetPs/QS_O3/Strom.Soll, -8.084351
PETRA/Cms.MagnetPs/QS_O4/Strom.Soll, 6.9806805
PETRA/Cms.MagnetPs/QS1/Strom.Soll, -4.901285
PETRA/Cms.MagnetPs/QS2/Strom.Soll, 0.0
PETRA/Cms.MagnetPs/QS3/Strom.Soll, 0.0
PETRA/Cms.MagnetPs/QS4/Strom.Soll, 2.7999167
PETRA/Cms.MagnetPs/Q0A_NOL_39/Strom.Soll, 468.46823
PETRA/Cms.MagnetPs/Kompensation/Strom.Soll, 187.35274
PETRA/Cms.MagnetPs/PKDK_NOL_129/Strom.Soll, 0.7685867
PETRA/Cms.MagnetPs/PKDK_NOL_115/Strom.Soll, -0.18459356
PETRA/Cms.MagnetPs/PKDK_NOL_100/Strom.Soll, 0.5417643
PETRA/Cms.MagnetPs/PKDK_NOL_86/Strom.Soll, -0.58994406
PETRA/Cms.MagnetPs/PKDK_NOL_72/Strom.Soll, 0.82592165
PETRA/Cms.MagnetPs/PKDK_NOL_57/Strom.Soll, -0.8440034
PETRA/Cms.MagnetPs/PKDK_NOL_43/Strom.Soll, 1.2080406
PETRA/Cms.MagnetPs/PKDK_NOL_27/Strom.Soll, 0.106544696
PETRA/Cms.MagnetPs/PCH_NOL_7/Strom.Soll, -0.18190418
PETRA/Cms.MagnetPs/PCH_NOR_9/Strom.Soll, 0.04142769
PETRA/Cms.MagnetPs/PCH_NOR_24/Strom.Soll, -0.2640157
PETRA/Cms.MagnetPs/PCH_NOR_32/Strom.Soll, 0.3093344
PETRA/Cms.MagnetPs/PKH_NOR_40/Strom.Soll, -0.45776454
PETRA/Cms.MagnetPs/PKH_NOR_47/Strom.Soll, -0.19146003
PETRA/Cms.MagnetPs/PKH_NOR_58/Strom.Soll, -0.19855537
PETRA/Cms.MagnetPs/PKH_NOR_63/Strom.Soll, -1.2729287
PETRA/Cms.MagnetPs/PKH_NOR_70/Strom.Soll, -0.41130143
PETRA/Cms.MagnetPs/PKH_NOR_81/Strom.Soll, -0.668794
PETRA/Cms.MagnetPs/PKH_NOR_86/Strom.Soll, 0.24559067
PETRA/Cms.MagnetPs/PKH_NOR_93/Strom.Soll, -0.63537717
PETRA/Cms.MagnetPs/PKH_NOR_104/Strom.Soll, -0.45890895
PETRA/Cms.MagnetPs/PKH_NOR_109/Strom.Soll, -0.3786857
PETRA/Cms.MagnetPs/PKH_NOR_116/Strom.Soll, -0.46108335
PETRA/Cms.MagnetPs/PKH_NOR_127/Strom.Soll, -0.11798881
PETRA/Cms.MagnetPs/PKH_NOR_132/Strom.Soll, -0.3349692
PETRA/Cms.MagnetPs/PKH_OL_149/Strom.Soll, -0.584222
PETRA/Cms.MagnetPs/PKH_OL_138/Strom.Soll, -0.19168891
PETRA/Cms.MagnetPs/PKH_OL_133/Strom.Soll, 0.05012522
PETRA/Cms.MagnetPs/PKH_OL_126/Strom.Soll, 0.02311711
PETRA/Cms.MagnetPs/PKH_OL_115/Strom.Soll, -0.14694242
PETRA/Cms.MagnetPs/PKH_OL_110/Strom.Soll, -0.1530078
PETRA/Cms.MagnetPs/PKH_OL_103/Strom.Soll, -0.2834707
PETRA/Cms.MagnetPs/PKH_OL_92/Strom.Soll, -0.6652463
PETRA/Cms.MagnetPs/PKH_OL_87/Strom.Soll, 1.694301
PETRA/Cms.MagnetPs/PKH_OL_80/Strom.Soll, -0.19912757
PETRA/Cms.MagnetPs/PKH_OL_69/Strom.Soll, 0.46783537
PETRA/Cms.MagnetPs/PKH_OL_64/Strom.Soll, 0.78186184
PETRA/Cms.MagnetPs/PCH_OL_55/Strom.Soll, -0.21715206
PETRA/Cms.MagnetPs/PCH_OL_41/Strom.Soll, 0.7016958
PETRA/Cms.MagnetPs/PCH_OL_32/Strom.Soll, -1.0295696
PETRA/Cms.MagnetPs/PCH_OL_19/Strom.Soll, 1.002161
PETRA/Cms.MagnetPs/PCH_OL_7/Strom.Soll, -0.8349053
PETRA/Cms.MagnetPs/PCH_OR_15/Strom.Soll, -0.011558555
PETRA/Cms.MagnetPs/PCH_OR_25/Strom.Soll, 0.30281124
PETRA/Cms.MagnetPs/PCH_OR_29/Strom.Soll, -0.3458411
PETRA/Cms.MagnetPs/PCH_OR_44/Strom.Soll, -0.107975215
PETRA/Cms.MagnetPs/PKDK_OR_49/Strom.Soll, 0.94631374
PETRA/Cms.MagnetPs/PKH_OR_61/Strom.Soll, -1.1040137
PETRA/Cms.MagnetPs/PKH_OR_64/Strom.Soll, 1.5125685
PETRA/Cms.MagnetPs/PKH_OR_79/Strom.Soll, -3.5324545
PETRA/Cms.MagnetPs/PKH_OR_81/Strom.Soll, 2.3170898
PETRA/Cms.MagnetPs/PKH_OR_84/Strom.Soll, -0.42892537
PETRA/Cms.MagnetPs/PKH_OR_86/Strom.Soll, -1.1734794
PETRA/Cms.MagnetPs/PKH_OR_101/Strom.Soll, -3.7944102
PETRA/Cms.MagnetPs/PKH_OR_103/Strom.Soll, 3.3967273
PETRA/Cms.MagnetPs/PKDK_OR_108/Strom.Soll, -0.47401518
PETRA/Cms.MagnetPs/PKDK_OR_115/Strom.Soll, -0.92960536
PETRA/Cms.MagnetPs/PKDK_OR_129/Strom.Soll, 1.518405
PETRA/Cms.MagnetPs/PKDK_OR_144/Strom.Soll, -1.6954454
PETRA/Cms.MagnetPs/PKDK_SOL_129/Strom.Soll, 1.2801385
PETRA/Cms.MagnetPs/PKDK_SOL_115/Strom.Soll, -0.59944266
PETRA/Cms.MagnetPs/PKDK_SOL_100/Strom.Soll, 0.44185722
PETRA/Cms.MagnetPs/PKDK_SOL_86/Strom.Soll, -0.25966695
PETRA/Cms.MagnetPs/PKDK_SOL_72/Strom.Soll, 0.032501284
PETRA/Cms.MagnetPs/PKDK_SOL_57/Strom.Soll, 0.27557427
PETRA/Cms.MagnetPs/PKDK_SOL_43/Strom.Soll, 0.4145058
PETRA/Cms.MagnetPs/PKDK_SOL_27/Strom.Soll, -0.11432669
PETRA/Cms.MagnetPs/PCH_SOL_7/Strom.Soll, 0.35533974
PETRA/Cms.MagnetPs/PCH_SOR_7/Strom.Soll, -0.5597888
PETRA/Cms.MagnetPs/PKDK_SOR_27/Strom.Soll, -0.82821053
PETRA/Cms.MagnetPs/PKDK_SOR_43/Strom.Soll, -0.37227702
PETRA/Cms.MagnetPs/PKDK_SOR_50/Strom.Soll, -0.9272021
PETRA/Cms.MagnetPs/PKDK_SOR_64/Strom.Soll, -1.0054798
PETRA/Cms.MagnetPs/PKDK_SOR_79/Strom.Soll, -0.14099148
PETRA/Cms.MagnetPs/PKDK_SOR_93/Strom.Soll, 0.15930206
PETRA/Cms.MagnetPs/PKDK_SOR_108/Strom.Soll, -0.39047316
PETRA/Cms.MagnetPs/PKDK_SOR_122/Strom.Soll, 0.07347121
PETRA/Cms.MagnetPs/PKDK_SL_151/Strom.Soll, 0.11695884
PETRA/Cms.MagnetPs/PKDK_SL_136/Strom.Soll, -0.14579801
PETRA/Cms.MagnetPs/PKDK_SL_122/Strom.Soll, 0.4815683
PETRA/Cms.MagnetPs/PKDK_SL_108/Strom.Soll, 0.034675665
PETRA/Cms.MagnetPs/PKDK_SL_93/Strom.Soll, -0.24890947
PETRA/Cms.MagnetPs/PKDK_SL_79/Strom.Soll, 0.20816843
PETRA/Cms.MagnetPs/PKDK_SL_64/Strom.Soll, -0.13172175
PETRA/Cms.MagnetPs/PKDK_SL_49/Strom.Soll, 0.65323
PETRA/Cms.MagnetPs/PCH_SL_30/Strom.Soll, 0.18791234
PETRA/Cms.MagnetPs/PCH_SL_5/Strom.Soll, 0.20290413
PETRA/Cms.MagnetPs/PCH_SR_5/Strom.Soll, 0.08296982
PETRA/Cms.MagnetPs/PCH_SR_30/Strom.Soll, 0.016307862
PETRA/Cms.MagnetPs/PKDK_SR_49/Strom.Soll, 0.05641948
PETRA/Cms.MagnetPs/PKDK_SR_64/Strom.Soll, 0.3068167
PETRA/Cms.MagnetPs/PKDK_SR_72/Strom.Soll, -0.35121983
PETRA/Cms.MagnetPs/PKDK_SR_86/Strom.Soll, -0.34458226
PETRA/Cms.MagnetPs/PKDK_SR_100/Strom.Soll, -0.07461562
PETRA/Cms.MagnetPs/PKDK_SR_115/Strom.Soll, -0.0016021759
PETRA/Cms.MagnetPs/PKDK_SR_129/Strom.Soll, 0.14740019
PETRA/Cms.MagnetPs/PKDK_SR_144/Strom.Soll, -0.37845683
PETRA/Cms.MagnetPs/PKDK_SWL_129/Strom.Soll, -0.10574361
PETRA/Cms.MagnetPs/PKDK_SWL_115/Strom.Soll, -0.2253346
PETRA/Cms.MagnetPs/PKDK_SWL_100/Strom.Soll, -0.18859899
PETRA/Cms.MagnetPs/PKDK_SWL_86/Strom.Soll, -0.2988058
PETRA/Cms.MagnetPs/PKDK_SWL_72/Strom.Soll, 0.1207354
PETRA/Cms.MagnetPs/PKDK_SWL_57/Strom.Soll, -0.14225033
PETRA/Cms.MagnetPs/PKDK_SWL_43/Strom.Soll, 0.18310581
PETRA/Cms.MagnetPs/PKDK_SWL_27/Strom.Soll, -0.0145340245
PETRA/Cms.MagnetPs/PCH_SWL_9/Strom.Soll, 0.048809145
PETRA/Cms.MagnetPs/PCH_SWR_9/Strom.Soll, 0.020771066
PETRA/Cms.MagnetPs/PKDK_SWR_27/Strom.Soll, 0.18550909
PETRA/Cms.MagnetPs/PKDK_SWR_43/Strom.Soll, -0.16685517
PETRA/Cms.MagnetPs/PKDK_SWR_50/Strom.Soll, 0.04154213
PETRA/Cms.MagnetPs/PKDK_SWR_64/Strom.Soll, -0.176926
PETRA/Cms.MagnetPs/PKDK_SWR_79/Strom.Soll, -0.3546531
PETRA/Cms.MagnetPs/PKDK_SWR_93/Strom.Soll, -0.17223391
PETRA/Cms.MagnetPs/PKDK_SWR_108/Strom.Soll, -0.46199888
PETRA/Cms.MagnetPs/PKDK_SWR_122/Strom.Soll, -0.122680895
PETRA/Cms.MagnetPs/PKDK_WL_151/Strom.Soll, -0.429612
PETRA/Cms.MagnetPs/PKDK_WL_136/Strom.Soll, -0.33805913
PETRA/Cms.MagnetPs/PKDK_WL_122/Strom.Soll, 0.24158524
PETRA/Cms.MagnetPs/PKDK_WL_108/Strom.Soll, -0.3349692
PETRA/Cms.MagnetPs/PKDK_WL_93/Strom.Soll, -0.60527915
PETRA/Cms.MagnetPs/PKDK_WL_79/Strom.Soll, -0.4526147
PETRA/Cms.MagnetPs/PKDK_WL_64/Strom.Soll, -0.14579801
PETRA/Cms.MagnetPs/PKDK_WL_49/Strom.Soll, 0.036964487
PETRA/Cms.MagnetPs/PKHW_WL_31/Strom.Soll, 0.2117161
PETRA/Cms.MagnetPs/PKHW_WL_19/Strom.Soll, -0.75210714
PETRA/Cms.MagnetPs/PKHW_WL_7/Strom.Soll, 2.2411008
PETRA/Cms.MagnetPs/PKHW_WR_5/Strom.Soll, -2.7399497
PETRA/Cms.MagnetPs/PKHW_WR_18/Strom.Soll, 1.504672
PETRA/Cms.MagnetPs/PKHW_WR_30/Strom.Soll, -0.74432516
PETRA/Cms.MagnetPs/PCH_WR_40/Strom.Soll, -0.0086975265
PETRA/Cms.MagnetPs/PKDK_WR_49/Strom.Soll, 0.017051728
PETRA/Cms.MagnetPs/PKDK_WR_64/Strom.Soll, -0.08972185
PETRA/Cms.MagnetPs/PKDK_WR_72/Strom.Soll, -0.6150067
PETRA/Cms.MagnetPs/PKDK_WR_86/Strom.Soll, -0.04131325
PETRA/Cms.MagnetPs/PKDK_WR_100/Strom.Soll, -0.2857595
PETRA/Cms.MagnetPs/PKDK_WR_115/Strom.Soll, 0.1599887
PETRA/Cms.MagnetPs/PKDK_WR_129/Strom.Soll, -0.3622062
PETRA/Cms.MagnetPs/PKDK_WR_144/Strom.Soll, -0.07072462
PETRA/Cms.MagnetPs/PKDK_NWL_129/Strom.Soll, -0.0074386736
PETRA/Cms.MagnetPs/PKDK_NWL_115/Strom.Soll, 0.2027897
PETRA/Cms.MagnetPs/PKDK_NWL_100/Strom.Soll, 0.032730166
PETRA/Cms.MagnetPs/PKDK_NWL_86/Strom.Soll, 0.0
PETRA/Cms.MagnetPs/PKDK_NWL_72/Strom.Soll, 0.23231551
PETRA/Cms.MagnetPs/PKDK_NWL_57/Strom.Soll, 0.03627784
PETRA/Cms.MagnetPs/PKDK_NWL_43/Strom.Soll, 0.07347121
PETRA/Cms.MagnetPs/PKDK_NWL_27/Strom.Soll, -0.08159653
PETRA/Cms.MagnetPs/PCH_NWL_9/Strom.Soll, 0.075245045
PETRA/Cms.MagnetPs/PCH_NWR_9/Strom.Soll, 0.03707893
PETRA/Cms.MagnetPs/PKDK_NWR_27/Strom.Soll, 0.078163296
PETRA/Cms.MagnetPs/PKDK_NWR_43/Strom.Soll, 0.25188494
PETRA/Cms.MagnetPs/PKDK_NWR_50/Strom.Soll, -0.31951964
PETRA/Cms.MagnetPs/PKDK_NWR_64/Strom.Soll, -0.2033619
PETRA/Cms.MagnetPs/PKDK_NWR_79/Strom.Soll, 0.083427586
PETRA/Cms.MagnetPs/PKDK_NWR_93/Strom.Soll, -0.2923971
PETRA/Cms.MagnetPs/PKDK_NWR_108/Strom.Soll, 0.12245201
PETRA/Cms.MagnetPs/PKDK_NWR_122/Strom.Soll, 0.043945394
PETRA/Cms.MagnetPs/PKDK_NL_151/Strom.Soll, 0.214806
PETRA/Cms.MagnetPs/PKDK_NL_136/Strom.Soll, -0.07358565
PETRA/Cms.MagnetPs/PKDK_NL_122/Strom.Soll, -0.13320948
PETRA/Cms.MagnetPs/PKDK_NL_108/Strom.Soll, -0.13652827
PETRA/Cms.MagnetPs/PKDK_NL_93/Strom.Soll, -0.73677206
PETRA/Cms.MagnetPs/PKDK_NL_79/Strom.Soll, -0.24318741
PETRA/Cms.MagnetPs/PKDK_NL_64/Strom.Soll, -0.18299137
PETRA/Cms.MagnetPs/PKDK_NL_49/Strom.Soll, 0.5922329
PETRA/Cms.MagnetPs/PKHW_NL_31/Strom.Soll, -1.0667058
PETRA/Cms.MagnetPs/PKHW_NL_19/Strom.Soll, 0.3013235
PETRA/Cms.MagnetPs/PKHW_NL_7/Strom.Soll, -0.05847942
PETRA/Cms.MagnetPs/PKHW_NR_5/Strom.Soll, -1.2721276
PETRA/Cms.MagnetPs/PKHW_NR_18/Strom.Soll, 0.86082625
PETRA/Cms.MagnetPs/PKHW_NR_30/Strom.Soll, 0.23437545
PETRA/Cms.MagnetPs/PCH_NR_40/Strom.Soll, 0.40660936
PETRA/Cms.MagnetPs/PKDK_NR_49/Strom.Soll, -0.56213486
PETRA/Cms.MagnetPs/PKH_NR_61/Strom.Soll, 0.9106081
PETRA/Cms.MagnetPs/PKH_NR_64/Strom.Soll, -2.9019983
PETRA/Cms.MagnetPs/PKH_NR_79/Strom.Soll, 0.73162216
PETRA/Cms.MagnetPs/PKH_NR_81/Strom.Soll, -1.7812763
PETRA/Cms.MagnetPs/PKH_NR_84/Strom.Soll, 0.9583301
PETRA/Cms.MagnetPs/PKH_NR_86/Strom.Soll, 0.88039565
PETRA/Cms.MagnetPs/PKH_NR_101/Strom.Soll, 0.6004726
PETRA/Cms.MagnetPs/PKH_NR_103/Strom.Soll, 0.37170482
PETRA/Cms.MagnetPs/PKDK_NR_108/Strom.Soll, 0.4061516
PETRA/Cms.MagnetPs/PKDK_NR_115/Strom.Soll, -0.99071693
PETRA/Cms.MagnetPs/PKDK_NR_129/Strom.Soll, 1.3493755
PETRA/Cms.MagnetPs/PKDK_NR_144/Strom.Soll, -1.2186836
PETRA/Cms.MagnetPs/PKVSX_NOL_132/Strom.Soll, -7.8623347
PETRA/Cms.MagnetPs/PKVSX_NOL_118/Strom.Soll, -3.421561
PETRA/Cms.MagnetPs/PKVSX_NOL_104/Strom.Soll, -8.32113
PETRA/Cms.MagnetPs/PKVSX_NOL_89/Strom.Soll, 1.1496756
PETRA/Cms.MagnetPs/PKVSX_NOL_75/Strom.Soll, -8.822268
PETRA/Cms.MagnetPs/PKVSU_NOL_60/Strom.Soll, 12.046761
PETRA/Cms.MagnetPs/PKVSU_NOL_46/Strom.Soll, -6.8229804
PETRA/Cms.MagnetPs/PCVM_NOL_31/Strom.Soll, -0.31591475
PETRA/Cms.MagnetPs/PCV_NOL_11/Strom.Soll, 0.25966695
PETRA/Cms.MagnetPs/PCV_NOR_6/Strom.Soll, -0.008869188
PETRA/Cms.MagnetPs/PCV_NOR_26/Strom.Soll, 0.13601328
PETRA/Cms.MagnetPs/PCV_NOR_36/Strom.Soll, 0.008983629
PETRA/Cms.MagnetPs/PKV_NOR_43/Strom.Soll, -0.9297198
PETRA/Cms.MagnetPs/PKV_NOR_46/Strom.Soll, 0.4106148
PETRA/Cms.MagnetPs/PKV_NOR_49/Strom.Soll, 0.93406856
PETRA/Cms.MagnetPs/PKV_NOR_57/Strom.Soll, 0.9252566
PETRA/Cms.MagnetPs/PKV_NOR_59/Strom.Soll, -0.47424406
PETRA/Cms.MagnetPs/PKV_NOR_66/Strom.Soll, -0.797197
PETRA/Cms.MagnetPs/PKV_NOR_69/Strom.Soll, -0.7479873
PETRA/Cms.MagnetPs/PKV_NOR_72/Strom.Soll, 1.8855321
PETRA/Cms.MagnetPs/PKV_NOR_80/Strom.Soll, 2.1068614
PETRA/Cms.MagnetPs/PKV_NOR_82/Strom.Soll, -0.68000925
PETRA/Cms.MagnetPs/PKV_NOR_89/Strom.Soll, -0.61935544
PETRA/Cms.MagnetPs/PKV_NOR_92/Strom.Soll, -0.33027712
PETRA/Cms.MagnetPs/PKV_NOR_95/Strom.Soll, 1.1116812
PETRA/Cms.MagnetPs/PKV_NOR_103/Strom.Soll, 2.680669
PETRA/Cms.MagnetPs/PKV_NOR_105/Strom.Soll, -1.8493688
PETRA/Cms.MagnetPs/PKV_NOR_112/Strom.Soll, 0.4158791
PETRA/Cms.MagnetPs/PKV_NOR_115/Strom.Soll, 0.24421738
PETRA/Cms.MagnetPs/PKV_NOR_118/Strom.Soll, 0.52871805
PETRA/Cms.MagnetPs/PKV_NOR_126/Strom.Soll, -0.46909422
PETRA/Cms.MagnetPs/PKV_NOR_128/Strom.Soll, 0.009384173
PETRA/Cms.MagnetPs/PKV_OL_153/Strom.Soll, -0.54245096
PETRA/Cms.MagnetPs/PKV_OL_150/Strom.Soll, 0.11810325
PETRA/Cms.MagnetPs/PKV_OL_147/Strom.Soll, 0.036621165
PETRA/Cms.MagnetPs/PKV_OL_139/Strom.Soll, 0.79639584
PETRA/Cms.MagnetPs/PKV_OL_136/Strom.Soll, 0.45227137
PETRA/Cms.MagnetPs/PKV_OL_130/Strom.Soll, -1.0131474
PETRA/Cms.MagnetPs/PKV_OL_127/Strom.Soll, -1.9202079
PETRA/Cms.MagnetPs/PKV_OL_124/Strom.Soll, 3.8088298
PETRA/Cms.MagnetPs/PKV_OL_116/Strom.Soll, 1.3807323
PETRA/Cms.MagnetPs/PKV_OL_113/Strom.Soll, -0.57529557
PETRA/Cms.MagnetPs/PKV_OL_107/Strom.Soll, -0.9768695
PETRA/Cms.MagnetPs/PKV_OL_104/Strom.Soll, 1.7215381
PETRA/Cms.MagnetPs/PKV_OL_101/Strom.Soll, -1.5871841
PETRA/Cms.MagnetPs/PKV_OL_93/Strom.Soll, 3.2638612
PETRA/Cms.MagnetPs/PKV_OL_90/Strom.Soll, -2.5094652
PETRA/Cms.MagnetPs/PKV_OL_84/Strom.Soll, 0.24868059
PETRA/Cms.MagnetPs/PKV_OL_81/Strom.Soll, -0.30956328
PETRA/Cms.MagnetPs/PKV_OL_78/Strom.Soll, 1.2966181
PETRA/Cms.MagnetPs/PKV_OL_70/Strom.Soll, 2.556157
PETRA/Cms.MagnetPs/PKV_OL_67/Strom.Soll, -1.8532598
PETRA/Cms.MagnetPs/PKV_OL_61/Strom.Soll, 0.12748742
PETRA/Cms.MagnetPs/PKV_OL_58/Strom.Soll, 0.48248383
PETRA/Cms.MagnetPs/PCV_OL_48/Strom.Soll, -0.11650108
PETRA/Cms.MagnetPs/PCV_OL_37/Strom.Soll, 0.22802396
PETRA/Cms.MagnetPs/PCV_OL_24/Strom.Soll, -0.18625295
PETRA/Cms.MagnetPs/PCV_OL_13/Strom.Soll, 0.17595325
PETRA/Cms.MagnetPs/PKVSU_OR_111/Strom.Soll, -2.2259946
PETRA/Cms.MagnetPs/PKVSU_OR_125/Strom.Soll, -2.7747397
PETRA/Cms.MagnetPs/PKVSU_OR_140/Strom.Soll, 2.5951817
PETRA/Cms.MagnetPs/PKVSX_SOL_132/Strom.Soll, -3.774383
PETRA/Cms.MagnetPs/PKVSX_SOL_118/Strom.Soll, 3.6772225
PETRA/Cms.MagnetPs/PKVSX_SOL_104/Strom.Soll, 0.27339986
PETRA/Cms.MagnetPs/PKVSX_SOL_89/Strom.Soll, 10.154247
PETRA/Cms.MagnetPs/PKVSX_SOL_75/Strom.Soll, -4.865808
PETRA/Cms.MagnetPs/PKVSU_SOL_60/Strom.Soll, 2.1738093
PETRA/Cms.MagnetPs/PKVSU_SOL_46/Strom.Soll, -1.204264
PETRA/Cms.MagnetPs/PKVSU_SOR_46/Strom.Soll, -1.9409217
PETRA/Cms.MagnetPs/PKVSU_SOR_60/Strom.Soll, 0.35957405
PETRA/Cms.MagnetPs/PKVSX_SOR_75/Strom.Soll, 0.58628196
PETRA/Cms.MagnetPs/PCV_OL_1/Strom.Soll, -0.19569434
PETRA/Cms.MagnetPs/PCV_OR_8/Strom.Soll, 0.13349558
PETRA/Cms.MagnetPs/PCV_OR_25/Strom.Soll, 0.12571359
PETRA/Cms.MagnetPs/PCV_OR_30/Strom.Soll, -0.1655391
PETRA/Cms.MagnetPs/PCV_OR_40/Strom.Soll, -0.110492915
PETRA/Cms.MagnetPs/PKV_OR_54/Strom.Soll, -0.45089808
PETRA/Cms.MagnetPs/PKV_OR_68/Strom.Soll, 0.52677256
PETRA/Cms.MagnetPs/PKV_OR_76/Strom.Soll, 0.5019388
PETRA/Cms.MagnetPs/PKV_OR_80/Strom.Soll, -0.8072678
PETRA/Cms.MagnetPs/PKV_OR_85/Strom.Soll, 0.0040054396
PETRA/Cms.MagnetPs/PKV_OR_89/Strom.Soll, -0.15678436
PETRA/Cms.MagnetPs/PKV_OR_97/Strom.Soll, -0.007553115
PETRA/Cms.MagnetPs/PKVSU_SL_68/Strom.Soll, -1.0996649
PETRA/Cms.MagnetPs/PKVSU_SR_68/Strom.Soll, -2.8382547
PETRA/Cms.MagnetPs/PKVSX_SOR_89/Strom.Soll, 9.83736
PETRA/Cms.MagnetPs/PKVSX_SOR_104/Strom.Soll, 0.4932413
PETRA/Cms.MagnetPs/PKVSX_SOR_118/Strom.Soll, -4.682016
PETRA/Cms.MagnetPs/PKVSX_SOR_132/Strom.Soll, 0.2091984
PETRA/Cms.MagnetPs/PKVSX_SL_140/Strom.Soll, 2.1053736
PETRA/Cms.MagnetPs/PKVSX_SL_125/Strom.Soll, -2.5710347
PETRA/Cms.MagnetPs/PKVSX_SL_111/Strom.Soll, -1.953739
PETRA/Cms.MagnetPs/PKVSX_SL_96/Strom.Soll, -3.1798613
PETRA/Cms.MagnetPs/PKVSX_SL_82/Strom.Soll, 4.5419397
PETRA/Cms.MagnetPs/PKVSX_SR_82/Strom.Soll, 4.548463
PETRA/Cms.MagnetPs/PKVSX_SR_96/Strom.Soll, -4.7281356
PETRA/Cms.MagnetPs/PKVSX_SR_111/Strom.Soll, -0.08560197
PETRA/Cms.MagnetPs/PKVSX_SR_125/Strom.Soll, -0.02311711
PETRA/Cms.MagnetPs/PKVSX_SR_140/Strom.Soll, -2.8952463
PETRA/Cms.MagnetPs/PKVSX_SWL_132/Strom.Soll, 1.5761977
PETRA/Cms.MagnetPs/PKVSX_SWL_118/Strom.Soll, -2.7113395
PETRA/Cms.MagnetPs/PCVM_SOL_31/Strom.Soll, -0.12668633
PETRA/Cms.MagnetPs/PCVM_SOL_13/Strom.Soll, 0.06963743
PETRA/Cms.MagnetPs/PCVM_SOL_1/Strom.Soll, 0.10065098
PETRA/Cms.MagnetPs/PCVM_SOR_13/Strom.Soll, 0.020771066
PETRA/Cms.MagnetPs/PCVM_SOR_31/Strom.Soll, -0.10602971
PETRA/Cms.MagnetPs/PCVM_SL_52/Strom.Soll, -0.122967
PETRA/Cms.MagnetPs/PCV_SL_36/Strom.Soll, 0.052528482
PETRA/Cms.MagnetPs/PCV_SL_25/Strom.Soll, -0.038395002
PETRA/Cms.MagnetPs/PCV_SR_1/Strom.Soll, 0.24124192
PETRA/Cms.MagnetPs/PCV_SR_25/Strom.Soll, 0.04217156
PETRA/Cms.MagnetPs/PCV_SR_36/Strom.Soll, 0.06397259
PETRA/Cms.MagnetPs/PCVM_SR_52/Strom.Soll, -0.042972647
PETRA/Cms.MagnetPs/PKVSX_SWL_104/Strom.Soll, -5.242663
PETRA/Cms.MagnetPs/PKVSX_SWL_89/Strom.Soll, 0.43556297
PETRA/Cms.MagnetPs/PKVSX_SWL_75/Strom.Soll, -5.248614
PETRA/Cms.MagnetPs/PKVSU_SWL_60/Strom.Soll, 6.913618
PETRA/Cms.MagnetPs/PKVSU_SWL_46/Strom.Soll, -1.1748527
PETRA/Cms.MagnetPs/PKVSU_SWR_46/Strom.Soll, -6.38902
PETRA/Cms.MagnetPs/PKVSU_SWR_60/Strom.Soll, 8.119598
PETRA/Cms.MagnetPs/PKVSX_SWR_75/Strom.Soll, -6.8958797
PETRA/Cms.MagnetPs/PKVSX_SWR_89/Strom.Soll, 0.017051728
PETRA/Cms.MagnetPs/PKVSX_SWR_104/Strom.Soll, -0.9706897
PETRA/Cms.MagnetPs/PKVSX_SWR_118/Strom.Soll, -3.0669081
PETRA/Cms.MagnetPs/PKVSX_SWR_132/Strom.Soll, 5.031748
PETRA/Cms.MagnetPs/PKVSX_WL_140/Strom.Soll, -2.996069
PETRA/Cms.MagnetPs/PKVSX_WL_125/Strom.Soll, -0.23014112
PETRA/Cms.MagnetPs/PKVSX_WL_111/Strom.Soll, -7.1039333
PETRA/Cms.MagnetPs/PKVSX_WL_96/Strom.Soll, -4.8054976
PETRA/Cms.MagnetPs/PKVSX_WL_82/Strom.Soll, 6.6810737
PETRA/Cms.MagnetPs/PKVSU_WL_68/Strom.Soll, -4.8335357
PETRA/Cms.MagnetPs/PKVSU_WR_68/Strom.Soll, -3.3349292
PETRA/Cms.MagnetPs/PKVSX_WR_82/Strom.Soll, 2.0186272
PETRA/Cms.MagnetPs/PKVSX_WR_96/Strom.Soll, 0.17257723
PETRA/Cms.MagnetPs/PKVSX_WR_111/Strom.Soll, -0.7722488
PETRA/Cms.MagnetPs/PKVSX_WR_125/Strom.Soll, -2.5437975
PETRA/Cms.MagnetPs/PKVSX_WR_140/Strom.Soll, -4.071701
PETRA/Cms.MagnetPs/PKVSX_NWL_132/Strom.Soll, 6.0982246
PETRA/Cms.MagnetPs/PKVSX_NWL_118/Strom.Soll, -5.9658165
PETRA/Cms.MagnetPs/PKVSX_NWL_104/Strom.Soll, 5.8026233
PETRA/Cms.MagnetPs/PKVSX_NWL_89/Strom.Soll, 0.8095566
PETRA/Cms.MagnetPs/PKVSX_NWL_75/Strom.Soll, -2.5708058
PETRA/Cms.MagnetPs/PKVSU_NWL_60/Strom.Soll, 8.438546
PETRA/Cms.MagnetPs/PKVSU_NWL_46/Strom.Soll, -6.1183662
PETRA/Cms.MagnetPs/PCVM_SWL_31/Strom.Soll, 0.011901878
PETRA/Cms.MagnetPs/PCV_SWL_13/Strom.Soll, -0.08434312
PETRA/Cms.MagnetPs/PCV_SWL_1/Strom.Soll, -0.012702966
PETRA/Cms.MagnetPs/PCV_SWR_13/Strom.Soll, -0.013790157
PETRA/Cms.MagnetPs/PCVM_SWR_31/Strom.Soll, 0.08159653
PETRA/Cms.MagnetPs/PCVM_WL_52/Strom.Soll, -0.07867828
PETRA/Cms.MagnetPs/PCV_WL_40/Strom.Soll, 0.019168891
PETRA/Cms.MagnetPs/PKVW_WL_25/Strom.Soll, -0.68058145
PETRA/Cms.MagnetPs/PKVW_WL_13/Strom.Soll, 0.89893514
PETRA/Cms.MagnetPs/PKVW_WL_1/Strom.Soll, 0.15209226
PETRA/Cms.MagnetPs/PKVW_WR_12/Strom.Soll, 1.6528733
PETRA/Cms.MagnetPs/PKVW_WR_24/Strom.Soll, -1.3415934
PETRA/Cms.MagnetPs/PCV_WR_38/Strom.Soll, 0.23958252
PETRA/Cms.MagnetPs/PKVW_WR_54/Strom.Soll, -2.643018
PETRA/Cms.MagnetPs/PCVM_NWL_31/Strom.Soll, -0.04926691
PETRA/Cms.MagnetPs/PCV_NWL_13/Strom.Soll, -0.057964437
PETRA/Cms.MagnetPs/PCV_NWL_1/Strom.Soll, 0.09080904
PETRA/Cms.MagnetPs/PCV_NWR_13/Strom.Soll, 0.031585753
PETRA/Cms.MagnetPs/PCVM_NWR_31/Strom.Soll, -0.14476804
PETRA/Cms.MagnetPs/PKVSU_NWR_46/Strom.Soll, -0.5114374
PETRA/Cms.MagnetPs/PKVSU_NWR_60/Strom.Soll, 0.40157396
PETRA/Cms.MagnetPs/PKVSX_NWR_75/Strom.Soll, -6.3697934
PETRA/Cms.MagnetPs/PKVSX_NWR_89/Strom.Soll, 3.3880298
PETRA/Cms.MagnetPs/PKVSX_NWR_104/Strom.Soll, 8.00676
PETRA/Cms.MagnetPs/PKVSX_NWR_118/Strom.Soll, -4.53267
PETRA/Cms.MagnetPs/PKVSX_NWR_132/Strom.Soll, 2.935415
PETRA/Cms.MagnetPs/PKVSX_NL_140/Strom.Soll, -5.0989246
PETRA/Cms.MagnetPs/PKVSX_NL_125/Strom.Soll, 0.11672996
PETRA/Cms.MagnetPs/PKVSX_NL_111/Strom.Soll, 4.8981953
PETRA/Cms.MagnetPs/PKVSX_NL_96/Strom.Soll, -5.640346
PETRA/Cms.MagnetPs/PKVSX_NL_82/Strom.Soll, 7.558379
PETRA/Cms.MagnetPs/PKVSU_NL_68/Strom.Soll, -3.642318
PETRA/Cms.MagnetPs/PKV_NR_68/Strom.Soll, 0.51040745
PETRA/Cms.MagnetPs/PKV_NR_76/Strom.Soll, 0.95163524
PETRA/Cms.MagnetPs/PKV_NR_80/Strom.Soll, -0.9547824
PETRA/Cms.MagnetPs/PKV_NR_85/Strom.Soll, 1.6337044
PETRA/Cms.MagnetPs/PKV_NR_89/Strom.Soll, -1.1953377
PETRA/Cms.MagnetPs/PKV_NR_97/Strom.Soll, -0.45862284
PETRA/Cms.MagnetPs/PKVSU_NR_111/Strom.Soll, -6.828359
PETRA/Cms.MagnetPs/PKVSU_NR_125/Strom.Soll, 2.657552
PETRA/Cms.MagnetPs/PKVSU_NR_140/Strom.Soll, -2.717176
PETRA/Cms.MagnetPs/PCVM_NL_52/Strom.Soll, -0.13200785
PETRA/Cms.MagnetPs/PCVM_NL_41/Strom.Soll, 0.10946295
PETRA/Cms.MagnetPs/PKVW_NL_25/Strom.Soll, -0.121422045
PETRA/Cms.MagnetPs/PKVW_NL_13/Strom.Soll, -0.46142668
PETRA/Cms.MagnetPs/PKVW_NL_1/Strom.Soll, 0.59887046
PETRA/Cms.MagnetPs/PKVW_NR_12/Strom.Soll, 0.4899225
PETRA/Cms.MagnetPs/PKVW_NR_24/Strom.Soll, -0.5706035
PETRA/Cms.MagnetPs/PCV_NR_38/Strom.Soll, 0.10219593
PETRA/Cms.MagnetPs/PKVW_NR_54/Strom.Soll, -0.8949297
PETRA/PE_SL_Control/Regelung/Sollwert_Senderamplitude, 47.5875
PETRA/PE_SL_Control/Regelung/Sollwert_Senderphase, 5.499998
PETRA/PE_SL_Control/Uc_Spannung/Summe, 9479285.0
PETRA/PE_SL_TRANSMITTR/Sender/Vorlaufleistung, 483139.5
PETRA/PE_SR_Control/Regelung/Sollwert_Senderamplitude, 47.40375
PETRA/PE_SR_Control/Regelung/Sollwert_Senderphase, -5.0
PETRA/PE_SR_Control/Uc_Spannung/Summe_beide, 1.9542332E7
PETRA/PE_SR_Control/Uc_Spannung/Summe, 9521559.0
PETRA/PE_SR_TRANSMITTR/Sender/Vorlaufleistung, 386015.06
PETRA/PE_SL_Mod1/Klystron/Kathode_Spannung, 58108.06
PETRA/PE_SR_Mod1/Klystron/Kathode_Spannung, 53829.266
PETRA/Kicker/Kicker1_Inj/FO_HV, 0
PETRA/Kicker/Kicker1_Inj/FO_Power, 0
PETRA/Kicker/Kicker1_Inj/FO_Soll, 5.834927901121538
PETRA/Kicker/Kicker1_Inj/FO_Delay, 3.7733085116122926
PETRA/Kicker/Kicker2_Inj/FO_HV, 0
PETRA/Kicker/Kicker2_Inj/FO_Power, 0
PETRA/Kicker/Kicker2_Inj/FO_Soll, 4.9940947585259785
PETRA/Kicker/Kicker2_Inj/FO_Delay, 3.705923642689291
PETRA/Kicker/Kicker3_Inj/FO_HV, 0
PETRA/Kicker/Kicker3_Inj/FO_Power, 0
PETRA/Kicker/Kicker3_Inj/FO_Soll, 4.292057679102769
PETRA/Kicker/Kicker3_Inj/FO_Delay, 3.652455214087344
PETRA/Kicker/Septum_Inj/FO_HV, 0
PETRA/Kicker/Septum_Inj/FO_Power, 0
PETRA/Kicker/Septum_Inj/FO_Soll, 552.7443350881208
PETRA/Kicker/Septum_Inj/FO_Delay, 0.9280362629629756
PETRA/Kicker/Ki_Vert_Anreg/FO_HV, 1
PETRA/Kicker/Ki_Vert_Anreg/FO_Power, 1
PETRA/Kicker/Ki_Vert_Anreg/FO_Soll, 0.0
PETRA/Kicker/Ki_Vert_Anreg/FO_Delay, 3.171971800897244
PETRA/Kicker/Ki_Dump/FO_HV, 0
PETRA/Kicker/Ki_Dump/FO_Power, 0
PETRA/Kicker/Ki_Dump/FO_Soll, 4.0624399176012815
PETRA/Kicker/Ki_Dump/FO_Delay, 44.39998120917007
PETRA/INJKICK.PL/Inj.1_Pulslaenge/FPOS.SET, 15.000022
PETRA/INJKICK.PL/Inj.2_Pulslaenge/FPOS.SET, 3.99999
PETRA/INJKICK.PL/Inj.3_Pulslaenge/FPOS.SET, 8.200031
PETRA/INJKICK.PL/Inj.1_Pulslaenge/CMD, 0.0
PETRA/INJKICK.PL/Inj.2_Pulslaenge/CMD, 0.0
PETRA/INJKICK.PL/Inj.3_Pulslaenge/CMD, 0.0
PETRA/Timing_PE/Timing/phase, 315 0
PETRA/P960_LFB/long/FB_PHASE, 285
PETRA/P960_LFB/long/FB_GAIN, 25591
PETRA/P960_TFB/hor/FB_PHASE, 151
PETRA/P960_TFB/hor/FB_GAIN, 1238
PETRA/P960_TFB/ver/FB_PHASE, 36
PETRA/P960_TFB/ver/FB_GAIN, 1456
PETRA/P960_TFB/ver/SweepStart_low, 666182575
PETRA/P960_TFB/ver/SweepEnd_low, 670583553
PETRA/P960_TFB/ver/SweepSpeed, 2200
PETRA/P960_TFB/ver/SWEEP_BTM, 2
PETRA/P960_TFB/ver/SWEEP_BTW, 24
PETRA/P960_TFB/ver/SWEEP_BTR, 24
PETRA/P960_TFB/ver/SweepAmp, 4915
PETRA/LBRENV/BPM_SWR_13/SA_X, 480371.0
PETRA/LBRENV/BPM_SWR_31/SA_X, 643616.0
PETRA/LBRENV/BPM_SWR_46/SA_X, 179997.0
PETRA/LBRENV/BPM_SWR_61/SA_X, 114391.0
PETRA/LBRENV/BPM_SWR_75/SA_X, 915269.0
PETRA/LBRENV/BPM_SWR_90/SA_X, 361261.0
PETRA/LBRENV/BPM_SWR_104/SA_X, 172838.0
PETRA/LBRENV/BPM_SWR_118/SA_X, 168633.0
PETRA/LBRENV/BPM_SWR_133/SA_X, 1283234.0
PETRA/LBRENV/BPM_WL_140/SA_X, 369446.0
PETRA/LBRENV/BPM_WL_126/SA_X, 808013.0
PETRA/LBRENV/BPM_WL_111/SA_X, -360186.0
PETRA/LBRENV/BPM_WL_97/SA_X, 144665.0
PETRA/LBRENV/BPM_WL_82/SA_X, -447019.0
PETRA/LBRENV/BPM_WL_68/SA_X, -283353.0
PETRA/LBRENV/BPM_WL_53/SA_X, 4112.0
PETRA/LBRENV/BPM_WL_36/SA_X, 370038.0
PETRA/LBRENV/BPM_WL_30/SA_X, 264859.0
PETRA/LBRENV/BPM_WL_24/SA_X, 30756.0
PETRA/LBRENV/BPM_WL_18/SA_X, -356564.0
PETRA/LBRENV/BPM_WL_12/SA_X, -625845.0
PETRA/LBRENV/BPM_WL_6/SA_X, -899516.0
PETRA/LBRENV/BPM_WR_0/SA_X, 161104.0
PETRA/LBRENV/BPM_WR_7/SA_X, -87530.0
PETRA/LBRENV/BPM_WR_13/SA_X, 2721769.0
PETRA/LBRENV/BPM_WR_19/SA_X, -51058.0
PETRA/LBRENV/BPM_WR_25/SA_X, 928160.0
PETRA/LBRENV/BPM_WR_31/SA_X, -201475.0
PETRA/LBRENV/BPM_WR_37/SA_X, 185039.0
PETRA/LBRENV/BPM_WR_56/SA_X, -76161.0
PETRA/LBRENV/BPM_WR_68/SA_X, 415459.0
PETRA/LBRENV/BPM_WR_82/SA_X, 158362.0
PETRA/LBRENV/BPM_WR_97/SA_X, -211067.0
PETRA/LBRENV/BPM_WR_111/SA_X, -565720.0
PETRA/LBRENV/BPM_WR_126/SA_X, 367746.0
PETRA/LBRENV/BPM_WR_140/SA_X, 511555.0
PETRA/LBRENV/BPM_NWL_133/SA_X, 669575.0
PETRA/LBRENV/BPM_NWL_118/SA_X, -520396.0
PETRA/LBRENV/BPM_NWL_104/SA_X, 724659.0
PETRA/LBRENV/BPM_NWL_90/SA_X, 1103444.0
PETRA/LBRENV/BPM_NWL_75/SA_X, 259741.0
PETRA/LBRENV/BPM_NWL_61/SA_X, -218285.0
PETRA/LBRENV/BPM_NWL_46/SA_X, -23910.0
PETRA/LBRENV/BPM_NWL_31/SA_X, 64144.0
PETRA/LBRENV/BPM_NWL_13/SA_X, 233437.0
PETRA/LBRENV/BPM_NWL_1/SA_X, 926338.0
PETRA/LBRENV/BPM_NWR_13/SA_X, 913484.0
PETRA/LBRENV/BPM_NWR_31/SA_X, -573927.0
PETRA/LBRENV/BPM_NWR_46/SA_X, 563450.0
PETRA/LBRENV/BPM_NWR_61/SA_X, -590844.0
PETRA/LBRENV/BPM_NWR_75/SA_X, -551659.0
PETRA/LBRENV/BPM_NWR_90/SA_X, -699871.0
PETRA/LBRENV/BPM_NWR_104/SA_X, -1396254.0
PETRA/LBRENV/BPM_NWR_118/SA_X, -832022.0
PETRA/LBRENV/BPM_NWR_133/SA_X, -892822.0
PETRA/LBRENV/BPM_NL_140/SA_X, 623632.0
PETRA/LBRENV/BPM_NL_126/SA_X, 464946.0
PETRA/LBRENV/BPM_NL_111/SA_X, -615744.0
PETRA/LBRENV/BPM_NL_97/SA_X, -204789.0
PETRA/LBRENV/BPM_NL_82/SA_X, 375370.0
PETRA/LBRENV/BPM_NL_68/SA_X, 194385.0
PETRA/LBRENV/BPM_NL_53/SA_X, -289619.0
PETRA/LBRENV/BPM_NL_36/SA_X, -505877.0
PETRA/LBRENV/BPM_NL_30/SA_X, 183399.0
PETRA/LBRENV/BPM_NL_24/SA_X, -521274.0
PETRA/LBRENV/BPM_NL_18/SA_X, -434814.0
PETRA/LBRENV/BPM_NL_12/SA_X, -296319.0
PETRA/LBRENV/BPM_NL_6/SA_X, -503585.0
PETRA/LBRENV/BPM_NR_0/SA_X, 11958.0
PETRA/LBRENV/BPM_NR_7/SA_X, 38937.0
PETRA/LBRENV/BPM_NR_13/SA_X, -322720.0
PETRA/LBRENV/BPM_NR_19/SA_X, -412503.0
PETRA/LBRENV/BPM_NR_25/SA_X, 52213.0
PETRA/LBRENV/BPM_NR_31/SA_X, -42454.0
PETRA/LBRENV/BPM_NR_37/SA_X, 355166.0
PETRA/LBRENV/BPM_NR_56/SA_X, 958407.0
PETRA/LBRENV/BPM_NR_62/SA_X, -1119657.0
PETRA/LBRENV/BPM_NR_65/SA_X, -1377411.0
PETRA/LBRENV/BPM_NR_69/SA_X, 137764.0
PETRA/LBRENV/BPM_NR_74/SA_X, -259545.0
PETRA/LBRENV/BPM_NR_79/SA_X, -414860.0
PETRA/LBRENV/BPM_NR_83/SA_X, -1058992.0
PETRA/LBRENV/BPM_NR_87/SA_X, -939661.0
PETRA/LBRENV/BPM_NR_90/SA_X, 174774.0
PETRA/LBRENV/BPM_NR_96/SA_X, -742261.0
PETRA/LBRENV/BPM_NR_100/SA_X, 937371.0
PETRA/LBRENV/BPM_NR_104/SA_X, -1050828.0
PETRA/LBRENV/BPM_NR_111/SA_X, 443854.0
PETRA/LBRENV/BPM_NR_126/SA_X, -763079.0
PETRA/LBRENV/BPM_NR_140/SA_X, 189810.0
PETRA/LBRENV/BPM_NOL_133/SA_X, 59197.0
PETRA/LBRENV/BPM_NOL_118/SA_X, 371515.0
PETRA/LBRENV/BPM_NOL_104/SA_X, -185745.0
PETRA/LBRENV/BPM_NOL_90/SA_X, 536751.0
PETRA/LBRENV/BPM_NOL_75/SA_X, -690766.0
PETRA/LBRENV/BPM_NOL_61/SA_X, -160560.0
PETRA/LBRENV/BPM_NOL_46/SA_X, 127214.0
PETRA/LBRENV/BPM_NOL_31/SA_X, 482067.0
PETRA/LBRENV/BPM_NOL_10/SA_X, 102831.0
PETRA/LBRENV/BPM_NOR_6/SA_X, 1178089.0
PETRA/LBRENV/BPM_NOR_11/SA_X, 666283.0
PETRA/LBRENV/BPM_NOR_23/SA_X, 722563.0
PETRA/LBRENV/BPM_NOR_32/SA_X, 682245.0
PETRA/LBRENV/BPM_NOR_39/SA_X, 41815.0
PETRA/LBRENV/BPM_NOR_40/SA_X, 235237.0
PETRA/LBRENV/BPM_NOR_44/SA_X, 824202.0
PETRA/LBRENV/BPM_NOR_47/SA_X, -754371.0
PETRA/LBRENV/BPM_NOR_50/SA_X, 355280.0
PETRA/LBRENV/BPM_NOR_52/SA_X, 483909.0
PETRA/LBRENV/BPM_NOR_55/SA_X, 551925.0
PETRA/LBRENV/BPM_NOR_58/SA_X, -467453.0
PETRA/LBRENV/BPM_NOR_62/SA_X, 849239.0
PETRA/LBRENV/BPM_NOR_63/SA_X, -249066.0
PETRA/LBRENV/BPM_NOR_67/SA_X, -387840.0
PETRA/LBRENV/BPM_NOR_70/SA_X, -888198.0
PETRA/LBRENV/BPM_NOR_73/SA_X, 1363763.0
PETRA/LBRENV/BPM_NOR_78/SA_X, 1370848.0
PETRA/LBRENV/BPM_NOR_81/SA_X, 1593089.0
PETRA/LBRENV/BPM_NOR_85/SA_X, -279785.0
PETRA/LBRENV/BPM_NOR_86/SA_X, -441166.0
PETRA/LBRENV/BPM_NOR_90/SA_X, 798618.0
PETRA/LBRENV/BPM_NOR_93/SA_X, 155062.0
PETRA/LBRENV/BPM_NOR_96/SA_X, 431412.0
PETRA/LBRENV/BPM_NOR_98/SA_X, 728896.0
PETRA/LBRENV/BPM_NOR_101/SA_X, 818044.0
PETRA/LBRENV/BPM_NOR_104/SA_X, -1851607.0
PETRA/LBRENV/BPM_NOR_108/SA_X, 92129.0
PETRA/LBRENV/BPM_NOR_109/SA_X, 351475.0
PETRA/LBRENV/BPM_NOR_113/SA_X, 106920.0
PETRA/LBRENV/BPM_NOR_116/SA_X, -419849.0
PETRA/LBRENV/BPM_NOR_119/SA_X, 229890.0
PETRA/LBRENV/BPM_NOR_124/SA_X, -1242319.0
PETRA/LBRENV/BPM_NOR_127/SA_X, 991861.0
PETRA/LBRENV/BPM_NOR_131/SA_X, -210779.0
PETRA/LBRENV/BPM_NOR_132/SA_X, -752763.0
PETRA/LBRENV/BPM_OL_152/SA_X, -11950.0
PETRA/LBRENV/BPM_OL_149/SA_X, 4490.0
PETRA/LBRENV/BPM_OL_146/SA_X, 325547.0
PETRA/LBRENV/BPM_OL_144/SA_X, -628609.0
PETRA/LBRENV/BPM_OL_141/SA_X, -133518.0
PETRA/LBRENV/BPM_OL_138/SA_X, -642205.0
PETRA/LBRENV/BPM_OL_134/SA_X, -85867.0
PETRA/LBRENV/BPM_OL_133/SA_X, 142871.0
PETRA/LBRENV/BPM_OL_129/SA_X, -294941.0
PETRA/LBRENV/BPM_OL_126/SA_X, -690084.0
PETRA/LBRENV/BPM_OL_123/SA_X, 1481064.0
PETRA/LBRENV/BPM_OL_118/SA_X, -139448.0
PETRA/LBRENV/BPM_OL_115/SA_X, -236561.0
PETRA/LBRENV/BPM_OL_111/SA_X, 222967.0
PETRA/LBRENV/BPM_OL_110/SA_X, 300749.0
PETRA/LBRENV/BPM_OL_106/SA_X, 1107811.0
PETRA/LBRENV/BPM_OL_103/SA_X, -29122.0
PETRA/LBRENV/BPM_OL_100/SA_X, -367673.0
PETRA/LBRENV/BPM_OL_98/SA_X, -194713.0
PETRA/LBRENV/BPM_OL_95/SA_X, 458279.0
PETRA/LBRENV/BPM_OL_92/SA_X, -1304453.0
PETRA/LBRENV/BPM_OL_88/SA_X, 59959.0
PETRA/LBRENV/BPM_OL_87/SA_X, -174868.0
PETRA/LBRENV/BPM_OL_83/SA_X, 759365.0
PETRA/LBRENV/BPM_OL_80/SA_X, 1450182.0
PETRA/LBRENV/BPM_OL_77/SA_X, 1568140.0
PETRA/LBRENV/BPM_OL_75/SA_X, 181789.0
PETRA/LBRENV/BPM_OL_72/SA_X, 1537150.0
PETRA/LBRENV/BPM_OL_69/SA_X, 784992.0
PETRA/LBRENV/BPM_OL_65/SA_X, -248795.0
PETRA/LBRENV/BPM_OL_64/SA_X, -731371.0
PETRA/LBRENV/BPM_OL_60/SA_X, 1726857.0
PETRA/LBRENV/BPM_OL_58/SA_X, 967384.0
PETRA/LBRENV/BPM_OL_48/SA_X, -984306.0
PETRA/LBRENV/BPM_OL_37/SA_X, -157884.0
PETRA/LBRENV/BPM_OL_24/SA_X, 255112.0
PETRA/LBRENV/BPM_OL_13/SA_X, -15633.0
PETRA/LBRENV/BPM_OL_0/SA_X, 1066047.0
PETRA/LBRENV/BPM_OR_8/SA_X, -1774079.0
PETRA/LBRENV/BPM_OR_17/SA_X, 553932.0
PETRA/LBRENV/BPM_OR_22/SA_X, -777844.0
PETRA/LBRENV/BPM_OR_26/SA_X, -682404.0
PETRA/LBRENV/BPM_OR_32/SA_X, 152097.0
PETRA/LBRENV/BPM_OR_37/SA_X, -13406.0
PETRA/LBRENV/BPM_OR_44/SA_X, -650551.0
PETRA/LBRENV/BPM_OR_53/SA_X, -226964.0
PETRA/LBRENV/BPM_OR_62/SA_X, 82686.0
PETRA/LBRENV/BPM_OR_65/SA_X, -426635.0
PETRA/LBRENV/BPM_OR_69/SA_X, 651871.0
PETRA/LBRENV/BPM_OR_74/SA_X, -472141.0
PETRA/LBRENV/BPM_OR_79/SA_X, 2326611.0
PETRA/LBRENV/BPM_OR_83/SA_X, -1010314.0
PETRA/LBRENV/BPM_OR_87/SA_X, -1449538.0
PETRA/LBRENV/BPM_OR_90/SA_X, -552826.0
PETRA/LBRENV/BPM_OR_96/SA_X, -598952.0
PETRA/LBRENV/BPM_OR_100/SA_X, 1390605.0
PETRA/LBRENV/BPM_OR_104/SA_X, -134672.0
PETRA/LBRENV/BPM_OR_111/SA_X, -414118.0
PETRA/LBRENV/BPM_OR_126/SA_X, -1595595.0
PETRA/LBRENV/BPM_OR_140/SA_X, 2214701.0
PETRA/LBRENV/BPM_SOL_133/SA_X, -893884.0
PETRA/LBRENV/BPM_SOL_118/SA_X, -469901.0
PETRA/LBRENV/BPM_SOL_104/SA_X, -520478.0
PETRA/LBRENV/BPM_SOL_90/SA_X, -118039.0
PETRA/LBRENV/BPM_SOL_75/SA_X, 1026488.0
PETRA/LBRENV/BPM_SOL_61/SA_X, 100644.0
PETRA/LBRENV/BPM_SOL_54/SA_X, 316698.0
PETRA/LBRENV/BPM_SOL_46/SA_X, -274769.0
PETRA/LBRENV/BPM_SOL_31/SA_X, 141673.0
PETRA/LBRENV/BPM_SOL_24/SA_X, -70468.0
PETRA/LBRENV/BPM_SOL_13/SA_X, -1161145.0
PETRA/LBRENV/BPM_SOL_1/SA_X, 568800.0
PETRA/LBRENV/BPM_SOR_13/SA_X, 151203.0
PETRA/LBRENV/BPM_SOR_31/SA_X, -3608750.0
PETRA/LBRENV/BPM_SOR_46/SA_X, -2843324.0
PETRA/LBRENV/BPM_SOR_61/SA_X, -419770.0
PETRA/LBRENV/BPM_SOR_67/SA_X, 258282.0
PETRA/LBRENV/BPM_SOR_75/SA_X, 573296.0
PETRA/LBRENV/BPM_SOR_90/SA_X, -179346.0
PETRA/LBRENV/BPM_SOR_104/SA_X, -726115.0
PETRA/LBRENV/BPM_SOR_118/SA_X, -557230.0
PETRA/LBRENV/BPM_SOR_133/SA_X, -297418.0
PETRA/LBRENV/BPM_SL_140/SA_X, 1516019.0
PETRA/LBRENV/BPM_SL_126/SA_X, 478165.0
PETRA/LBRENV/BPM_SL_111/SA_X, 23851.0
PETRA/LBRENV/BPM_SL_97/SA_X, 146867.0
PETRA/LBRENV/BPM_SL_82/SA_X, -243017.0
PETRA/LBRENV/BPM_SL_68/SA_X, 800741.0
PETRA/LBRENV/BPM_SL_53/SA_X, 414567.0
PETRA/LBRENV/BPM_SL_36/SA_X, 693032.0
PETRA/LBRENV/BPM_SL_24/SA_X, 2025315.0
PETRA/LBRENV/BPM_SL_6/SA_X, 957697.0
PETRA/LBRENV/BPM_SR_6/SA_X, -521139.0
PETRA/LBRENV/BPM_SR_24/SA_X, 1637382.0
PETRA/LBRENV/BPM_SR_36/SA_X, 653118.0
PETRA/LBRENV/BPM_SR_53/SA_X, -5444.0
PETRA/LBRENV/BPM_SR_68/SA_X, 91494.0
PETRA/LBRENV/BPM_SR_82/SA_X, 78886.0
PETRA/LBRENV/BPM_SR_97/SA_X, -542667.0
PETRA/LBRENV/BPM_SR_111/SA_X, -471040.0
PETRA/LBRENV/BPM_SR_126/SA_X, 17583.0
PETRA/LBRENV/BPM_SR_140/SA_X, 288676.0
PETRA/LBRENV/BPM_SWL_133/SA_X, 160327.0
PETRA/LBRENV/BPM_SWL_118/SA_X, -1461439.0
PETRA/LBRENV/BPM_SWL_104/SA_X, -993201.0
PETRA/LBRENV/BPM_SWL_90/SA_X, 402663.0
PETRA/LBRENV/BPM_SWL_75/SA_X, 341695.0
PETRA/LBRENV/BPM_SWL_61/SA_X, 265734.0
PETRA/LBRENV/BPM_SWL_46/SA_X, 113170.0
PETRA/LBRENV/BPM_SWL_39/SA_X, -57667.0
PETRA/LBRENV/BPM_SWL_31/SA_X, 1736886.0
PETRA/LBRENV/BPM_SWL_13/SA_X, -1136175.0
PETRA/LBRENV/BPM_SWL_1/SA_X, -5565.0
PETRA/REFORBIT/BPM_SWR_13/KorrTimeStamp, "2023-05-31T12_08_00+02"
PETRA/LBRENV/BPM_SWR_13/SA_Y, 870827.0
PETRA/LBRENV/BPM_SWR_31/SA_Y, 671626.0
PETRA/LBRENV/BPM_SWR_46/SA_Y, -347270.0
PETRA/LBRENV/BPM_SWR_61/SA_Y, -141769.0
PETRA/LBRENV/BPM_SWR_75/SA_Y, -516211.0
PETRA/LBRENV/BPM_SWR_90/SA_Y, -11266.0
PETRA/LBRENV/BPM_SWR_104/SA_Y, 923529.0
PETRA/LBRENV/BPM_SWR_118/SA_Y, 348500.0
PETRA/LBRENV/BPM_SWR_133/SA_Y, -100755.0
PETRA/LBRENV/BPM_WL_140/SA_Y, -800557.0
PETRA/LBRENV/BPM_WL_126/SA_Y, -5927.0
PETRA/LBRENV/BPM_WL_111/SA_Y, -374120.0
PETRA/LBRENV/BPM_WL_97/SA_Y, 125003.0
PETRA/LBRENV/BPM_WL_82/SA_Y, -466360.0
PETRA/LBRENV/BPM_WL_68/SA_Y, -329820.0
PETRA/LBRENV/BPM_WL_53/SA_Y, 259383.0
PETRA/LBRENV/BPM_WL_36/SA_Y, -348201.0
PETRA/LBRENV/BPM_WL_30/SA_Y, 161290.0
PETRA/LBRENV/BPM_WL_24/SA_Y, -333177.0
PETRA/LBRENV/BPM_WL_18/SA_Y, -311688.0
PETRA/LBRENV/BPM_WL_12/SA_Y, -255317.0
PETRA/LBRENV/BPM_WL_6/SA_Y, -711738.0
PETRA/LBRENV/BPM_WR_0/SA_Y, -556081.0
PETRA/LBRENV/BPM_WR_7/SA_Y, -368143.0
PETRA/LBRENV/BPM_WR_13/SA_Y, -1755107.0
PETRA/LBRENV/BPM_WR_19/SA_Y, 135384.0
PETRA/LBRENV/BPM_WR_25/SA_Y, -397694.0
PETRA/LBRENV/BPM_WR_31/SA_Y, -285911.0
PETRA/LBRENV/BPM_WR_37/SA_Y, 61522.0
PETRA/LBRENV/BPM_WR_56/SA_Y, -598951.0
PETRA/LBRENV/BPM_WR_68/SA_Y, 1304728.0
PETRA/LBRENV/BPM_WR_82/SA_Y, 340471.0
PETRA/LBRENV/BPM_WR_97/SA_Y, 592674.0
PETRA/LBRENV/BPM_WR_111/SA_Y, -3599.0
PETRA/LBRENV/BPM_WR_126/SA_Y, 159373.0
PETRA/LBRENV/BPM_WR_140/SA_Y, -85482.0
PETRA/LBRENV/BPM_NWL_133/SA_Y, -118506.0
PETRA/LBRENV/BPM_NWL_118/SA_Y, 444808.0
PETRA/LBRENV/BPM_NWL_104/SA_Y, 533333.0
PETRA/LBRENV/BPM_NWL_90/SA_Y, -236046.0
PETRA/LBRENV/BPM_NWL_75/SA_Y, -550374.0
PETRA/LBRENV/BPM_NWL_61/SA_Y, 473027.0
PETRA/LBRENV/BPM_NWL_46/SA_Y, 958350.0
PETRA/LBRENV/BPM_NWL_31/SA_Y, 572812.0
PETRA/LBRENV/BPM_NWL_13/SA_Y, 1087671.0
PETRA/LBRENV/BPM_NWL_1/SA_Y, 41158.0
PETRA/LBRENV/BPM_NWR_13/SA_Y, -121476.0
PETRA/LBRENV/BPM_NWR_31/SA_Y, 110732.0
PETRA/LBRENV/BPM_NWR_46/SA_Y, -134937.0
PETRA/LBRENV/BPM_NWR_61/SA_Y, 915981.0
PETRA/LBRENV/BPM_NWR_75/SA_Y, 792505.0
PETRA/LBRENV/BPM_NWR_90/SA_Y, 592543.0
PETRA/LBRENV/BPM_NWR_104/SA_Y, 843705.0
PETRA/LBRENV/BPM_NWR_118/SA_Y, 83153.0
PETRA/LBRENV/BPM_NWR_133/SA_Y, 163027.0
PETRA/LBRENV/BPM_NL_140/SA_Y, 1258891.0
PETRA/LBRENV/BPM_NL_126/SA_Y, -368645.0
PETRA/LBRENV/BPM_NL_111/SA_Y, -404033.0
PETRA/LBRENV/BPM_NL_97/SA_Y, -168858.0
PETRA/LBRENV/BPM_NL_82/SA_Y, -95555.0
PETRA/LBRENV/BPM_NL_68/SA_Y, 322790.0
PETRA/LBRENV/BPM_NL_53/SA_Y, -83954.0
PETRA/LBRENV/BPM_NL_36/SA_Y, -391999.0
PETRA/LBRENV/BPM_NL_30/SA_Y, -121813.0
PETRA/LBRENV/BPM_NL_24/SA_Y, -467806.0
PETRA/LBRENV/BPM_NL_18/SA_Y, -53879.0
PETRA/LBRENV/BPM_NL_12/SA_Y, -271850.0
PETRA/LBRENV/BPM_NL_6/SA_Y, -470947.0
PETRA/LBRENV/BPM_NR_0/SA_Y, -17862.0
PETRA/LBRENV/BPM_NR_7/SA_Y, -181927.0
PETRA/LBRENV/BPM_NR_13/SA_Y, -573063.0
PETRA/LBRENV/BPM_NR_19/SA_Y, -717379.0
PETRA/LBRENV/BPM_NR_25/SA_Y, -853092.0
PETRA/LBRENV/BPM_NR_31/SA_Y, -454090.0
PETRA/LBRENV/BPM_NR_37/SA_Y, -1188868.0
PETRA/LBRENV/BPM_NR_56/SA_Y, -1126860.0
PETRA/LBRENV/BPM_NR_62/SA_Y, 1184905.0
PETRA/LBRENV/BPM_NR_65/SA_Y, -28161.0
PETRA/LBRENV/BPM_NR_69/SA_Y, -397612.0
PETRA/LBRENV/BPM_NR_74/SA_Y, -637551.0
PETRA/LBRENV/BPM_NR_79/SA_Y, 345008.0
PETRA/LBRENV/BPM_NR_83/SA_Y, 829139.0
PETRA/LBRENV/BPM_NR_87/SA_Y, -418894.0
PETRA/LBRENV/BPM_NR_90/SA_Y, 492582.0
PETRA/LBRENV/BPM_NR_96/SA_Y, -182155.0
PETRA/LBRENV/BPM_NR_100/SA_Y, -327860.0
PETRA/LBRENV/BPM_NR_104/SA_Y, -419265.0
PETRA/LBRENV/BPM_NR_111/SA_Y, -440073.0
PETRA/LBRENV/BPM_NR_126/SA_Y, -404418.0
PETRA/LBRENV/BPM_NR_140/SA_Y, 180944.0
PETRA/LBRENV/BPM_NOL_133/SA_Y, 432292.0
PETRA/LBRENV/BPM_NOL_118/SA_Y, -578105.0
PETRA/LBRENV/BPM_NOL_104/SA_Y, -622887.0
PETRA/LBRENV/BPM_NOL_90/SA_Y, -458384.0
PETRA/LBRENV/BPM_NOL_75/SA_Y, 243138.0
PETRA/LBRENV/BPM_NOL_61/SA_Y, 25693.0
PETRA/LBRENV/BPM_NOL_46/SA_Y, -368617.0
PETRA/LBRENV/BPM_NOL_31/SA_Y, -449530.0
PETRA/LBRENV/BPM_NOL_10/SA_Y, 92325.0
PETRA/LBRENV/BPM_NOR_6/SA_Y, 1026391.0
PETRA/LBRENV/BPM_NOR_11/SA_Y, 193544.0
PETRA/LBRENV/BPM_NOR_23/SA_Y, -212959.0
PETRA/LBRENV/BPM_NOR_32/SA_Y, 191051.0
PETRA/LBRENV/BPM_NOR_39/SA_Y, 384048.0
PETRA/LBRENV/BPM_NOR_40/SA_Y, 358417.0
PETRA/LBRENV/BPM_NOR_44/SA_Y, 34846.0
PETRA/LBRENV/BPM_NOR_47/SA_Y, 540940.0
PETRA/LBRENV/BPM_NOR_50/SA_Y, -37397.0
PETRA/LBRENV/BPM_NOR_52/SA_Y, 176953.0
PETRA/LBRENV/BPM_NOR_55/SA_Y, -160653.0
PETRA/LBRENV/BPM_NOR_58/SA_Y, 391962.0
PETRA/LBRENV/BPM_NOR_62/SA_Y, -229572.0
PETRA/LBRENV/BPM_NOR_63/SA_Y, 151867.0
PETRA/LBRENV/BPM_NOR_67/SA_Y, -139823.0
PETRA/LBRENV/BPM_NOR_70/SA_Y, -554308.0
PETRA/LBRENV/BPM_NOR_73/SA_Y, 82345.0
PETRA/LBRENV/BPM_NOR_78/SA_Y, -230176.0
PETRA/LBRENV/BPM_NOR_81/SA_Y, 615615.0
PETRA/LBRENV/BPM_NOR_85/SA_Y, 590545.0
PETRA/LBRENV/BPM_NOR_86/SA_Y, 822660.0
PETRA/LBRENV/BPM_NOR_90/SA_Y, 396330.0
PETRA/LBRENV/BPM_NOR_93/SA_Y, 294509.0
PETRA/LBRENV/BPM_NOR_96/SA_Y, -222435.0
PETRA/LBRENV/BPM_NOR_98/SA_Y, -254301.0
PETRA/LBRENV/BPM_NOR_101/SA_Y, 110220.0
PETRA/LBRENV/BPM_NOR_104/SA_Y, -63841.0
PETRA/LBRENV/BPM_NOR_108/SA_Y, 119584.0
PETRA/LBRENV/BPM_NOR_109/SA_Y, -461193.0
PETRA/LBRENV/BPM_NOR_113/SA_Y, -653801.0
PETRA/LBRENV/BPM_NOR_116/SA_Y, 354607.0
PETRA/LBRENV/BPM_NOR_119/SA_Y, 349531.0
PETRA/LBRENV/BPM_NOR_124/SA_Y, 1523258.0
PETRA/LBRENV/BPM_NOR_127/SA_Y, -369370.0
PETRA/LBRENV/BPM_NOR_131/SA_Y, -32031.0
PETRA/LBRENV/BPM_NOR_132/SA_Y, 332359.0
PETRA/LBRENV/BPM_OL_152/SA_Y, -69603.0
PETRA/LBRENV/BPM_OL_149/SA_Y, -413014.0
PETRA/LBRENV/BPM_OL_146/SA_Y, 653972.0
PETRA/LBRENV/BPM_OL_144/SA_Y, 229364.0
PETRA/LBRENV/BPM_OL_141/SA_Y, 240787.0
PETRA/LBRENV/BPM_OL_138/SA_Y, 228392.0
PETRA/LBRENV/BPM_OL_134/SA_Y, 463820.0
PETRA/LBRENV/BPM_OL_133/SA_Y, 743496.0
PETRA/LBRENV/BPM_OL_129/SA_Y, 286227.0
PETRA/LBRENV/BPM_OL_126/SA_Y, 532475.0
PETRA/LBRENV/BPM_OL_123/SA_Y, -656081.0
PETRA/LBRENV/BPM_OL_118/SA_Y, -884198.0
PETRA/LBRENV/BPM_OL_115/SA_Y, -454540.0
PETRA/LBRENV/BPM_OL_111/SA_Y, 387475.0
PETRA/LBRENV/BPM_OL_110/SA_Y, 259730.0
PETRA/LBRENV/BPM_OL_106/SA_Y, -848796.0
PETRA/LBRENV/BPM_OL_103/SA_Y, 43303.0
PETRA/LBRENV/BPM_OL_100/SA_Y, -175605.0
PETRA/LBRENV/BPM_OL_98/SA_Y, 341937.0
PETRA/LBRENV/BPM_OL_95/SA_Y, -300863.0
PETRA/LBRENV/BPM_OL_92/SA_Y, -65818.0
PETRA/LBRENV/BPM_OL_88/SA_Y, 298902.0
PETRA/LBRENV/BPM_OL_87/SA_Y, 656440.0
PETRA/LBRENV/BPM_OL_83/SA_Y, -336526.0
PETRA/LBRENV/BPM_OL_80/SA_Y, 414276.0
PETRA/LBRENV/BPM_OL_77/SA_Y, -26827.0
PETRA/LBRENV/BPM_OL_75/SA_Y, 917129.0
PETRA/LBRENV/BPM_OL_72/SA_Y, -508722.0
PETRA/LBRENV/BPM_OL_69/SA_Y, -294784.0
PETRA/LBRENV/BPM_OL_65/SA_Y, 195171.0
PETRA/LBRENV/BPM_OL_64/SA_Y, -730571.0
PETRA/LBRENV/BPM_OL_60/SA_Y, -132774.0
PETRA/LBRENV/BPM_OL_58/SA_Y, -318064.0
PETRA/LBRENV/BPM_OL_48/SA_Y, 1234362.0
PETRA/LBRENV/BPM_OL_37/SA_Y, -104046.0
PETRA/LBRENV/BPM_OL_24/SA_Y, 881241.0
PETRA/LBRENV/BPM_OL_13/SA_Y, -626002.0
PETRA/LBRENV/BPM_OL_0/SA_Y, 947810.0
PETRA/LBRENV/BPM_OR_8/SA_Y, -257983.0
PETRA/LBRENV/BPM_OR_17/SA_Y, -1076340.0
PETRA/LBRENV/BPM_OR_22/SA_Y, 821316.0
PETRA/LBRENV/BPM_OR_26/SA_Y, -132108.0
PETRA/LBRENV/BPM_OR_32/SA_Y, 434546.0
PETRA/LBRENV/BPM_OR_37/SA_Y, -30199.0
PETRA/LBRENV/BPM_OR_44/SA_Y, 218610.0
PETRA/LBRENV/BPM_OR_53/SA_Y, -679170.0
PETRA/LBRENV/BPM_OR_62/SA_Y, 824061.0
PETRA/LBRENV/BPM_OR_65/SA_Y, -868731.0
PETRA/LBRENV/BPM_OR_69/SA_Y, 46524.0
PETRA/LBRENV/BPM_OR_74/SA_Y, -448920.0
PETRA/LBRENV/BPM_OR_79/SA_Y, 1477969.0
PETRA/LBRENV/BPM_OR_83/SA_Y, -158456.0
PETRA/LBRENV/BPM_OR_87/SA_Y, -37091.0
PETRA/LBRENV/BPM_OR_90/SA_Y, -163248.0
PETRA/LBRENV/BPM_OR_96/SA_Y, -744114.0
PETRA/LBRENV/BPM_OR_100/SA_Y, -485038.0
PETRA/LBRENV/BPM_OR_104/SA_Y, -710629.0
PETRA/LBRENV/BPM_OR_111/SA_Y, 716316.0
PETRA/LBRENV/BPM_OR_126/SA_Y, -323619.0
PETRA/LBRENV/BPM_OR_140/SA_Y, -1046726.0
PETRA/LBRENV/BPM_SOL_133/SA_Y, -291454.0
PETRA/LBRENV/BPM_SOL_118/SA_Y, -227660.0
PETRA/LBRENV/BPM_SOL_104/SA_Y, 236016.0
PETRA/LBRENV/BPM_SOL_90/SA_Y, -626882.0
PETRA/LBRENV/BPM_SOL_75/SA_Y, -628810.0
PETRA/LBRENV/BPM_SOL_61/SA_Y, -427237.0
PETRA/LBRENV/BPM_SOL_54/SA_Y, 390732.0
PETRA/LBRENV/BPM_SOL_46/SA_Y, 488980.0
PETRA/LBRENV/BPM_SOL_31/SA_Y, -360104.0
PETRA/LBRENV/BPM_SOL_24/SA_Y, 478576.0
PETRA/LBRENV/BPM_SOL_13/SA_Y, 228254.0
PETRA/LBRENV/BPM_SOL_1/SA_Y, -466832.0
PETRA/LBRENV/BPM_SOR_13/SA_Y, -411109.0
PETRA/LBRENV/BPM_SOR_31/SA_Y, -1327295.0
PETRA/LBRENV/BPM_SOR_46/SA_Y, -412035.0
PETRA/LBRENV/BPM_SOR_61/SA_Y, -289498.0
PETRA/LBRENV/BPM_SOR_67/SA_Y, -761174.0
PETRA/LBRENV/BPM_SOR_75/SA_Y, -319790.0
PETRA/LBRENV/BPM_SOR_90/SA_Y, -1251858.0
PETRA/LBRENV/BPM_SOR_104/SA_Y, -601315.0
PETRA/LBRENV/BPM_SOR_118/SA_Y, -221002.0
PETRA/LBRENV/BPM_SOR_133/SA_Y, 221696.0
PETRA/LBRENV/BPM_SL_140/SA_Y, 82390.0
PETRA/LBRENV/BPM_SL_126/SA_Y, -548046.0
PETRA/LBRENV/BPM_SL_111/SA_Y, -1315568.0
PETRA/LBRENV/BPM_SL_97/SA_Y, -678695.0
PETRA/LBRENV/BPM_SL_82/SA_Y, -615830.0
PETRA/LBRENV/BPM_SL_68/SA_Y, -652400.0
PETRA/LBRENV/BPM_SL_53/SA_Y, -964948.0
PETRA/LBRENV/BPM_SL_36/SA_Y, 104160.0
PETRA/LBRENV/BPM_SL_24/SA_Y, 742430.0
PETRA/LBRENV/BPM_SL_6/SA_Y, 987797.0
PETRA/LBRENV/BPM_SR_6/SA_Y, 312078.0
PETRA/LBRENV/BPM_SR_24/SA_Y, 255669.0
PETRA/LBRENV/BPM_SR_36/SA_Y, -233290.0
PETRA/LBRENV/BPM_SR_53/SA_Y, -71479.0
PETRA/LBRENV/BPM_SR_68/SA_Y, -256038.0
PETRA/LBRENV/BPM_SR_82/SA_Y, -64415.0
PETRA/LBRENV/BPM_SR_97/SA_Y, -329340.0
PETRA/LBRENV/BPM_SR_111/SA_Y, -486487.0
PETRA/LBRENV/BPM_SR_126/SA_Y, -188506.0
PETRA/LBRENV/BPM_SR_140/SA_Y, 233040.0
PETRA/LBRENV/BPM_SWL_133/SA_Y, -120842.0
PETRA/LBRENV/BPM_SWL_118/SA_Y, -114773.0
PETRA/LBRENV/BPM_SWL_104/SA_Y, -609781.0
PETRA/LBRENV/BPM_SWL_90/SA_Y, 140372.0
PETRA/LBRENV/BPM_SWL_75/SA_Y, 544221.0
PETRA/LBRENV/BPM_SWL_61/SA_Y, 190202.0
PETRA/LBRENV/BPM_SWL_46/SA_Y, -297293.0
PETRA/LBRENV/BPM_SWL_39/SA_Y, -954663.0
PETRA/LBRENV/BPM_SWL_31/SA_Y, -1269557.0
PETRA/LBRENV/BPM_SWL_13/SA_Y, 856042.0
PETRA/LBRENV/BPM_SWL_1/SA_Y, 434618.0
PETRA/Scrapers/Kolli-SWL15o/TargetPosition, 6.0810546875
PETRA/Scrapers/Kolli-SWL15u/TargetPosition, -7.2
PETRA/Scrapers/Kolli-SWR15o/TargetPosition, 3.7
PETRA/Scrapers/Kolli-SWR15u/TargetPosition, -6.79609375
PETRA/Scrapers/Scraper-SWR19o/TargetPosition, 47.0
PETRA/Scrapers/Scraper-SWR19u/TargetPosition, -47.0
PETRA/Scrapers/Scraper-SWR19a/TargetPosition, 47.0
PETRA/Scrapers/Scraper-SWR19i/TargetPosition, -47.0
PETRA/Collimators.NO/Kolli-NOL15o/TargetPosition, 2.2
PETRA/Collimators.NO/Kolli-NOL15u/TargetPosition, -7.3
PETRA/Collimators.NO/Kolli-NOR04o/TargetPosition, 6.0
PETRA/Collimators.NO/Kolli-NOR04u/TargetPosition, -6.0
PETRA/REFORBIT/BPM_SWR_13/CORR_X_BBAGO, 260000.0
PETRA/REFORBIT/BPM_SWR_31/CORR_X_BBAGO, 222000.0
PETRA/REFORBIT/BPM_SWR_46/CORR_X_BBAGO, 85000.0
PETRA/REFORBIT/BPM_SWR_61/CORR_X_BBAGO, -23000.0
PETRA/REFORBIT/BPM_SWR_75/CORR_X_BBAGO, 265100.0
PETRA/REFORBIT/BPM_SWR_90/CORR_X_BBAGO, -98600.0
PETRA/REFORBIT/BPM_SWR_104/CORR_X_BBAGO, 505700.0
PETRA/REFORBIT/BPM_SWR_118/CORR_X_BBAGO, 797800.0
PETRA/REFORBIT/BPM_SWR_133/CORR_X_BBAGO, 1111900.0
PETRA/REFORBIT/BPM_WL_140/CORR_X_BBAGO, -300600.0
PETRA/REFORBIT/BPM_WL_126/CORR_X_BBAGO, 555200.0
PETRA/REFORBIT/BPM_WL_111/CORR_X_BBAGO, -71500.0
PETRA/REFORBIT/BPM_WL_97/CORR_X_BBAGO, 599600.0
PETRA/REFORBIT/BPM_WL_82/CORR_X_BBAGO, 92800.0
PETRA/REFORBIT/BPM_WL_68/CORR_X_BBAGO, 41100.0
PETRA/REFORBIT/BPM_WL_53/CORR_X_BBAGO, -152080.0
PETRA/REFORBIT/BPM_WL_36/CORR_X_BBAGO, 301000.0
PETRA/REFORBIT/BPM_WL_30/CORR_X_BBAGO, 307000.0
PETRA/REFORBIT/BPM_WL_24/CORR_X_BBAGO, 4000.0
PETRA/REFORBIT/BPM_WL_18/CORR_X_BBAGO, -3000.0
PETRA/REFORBIT/BPM_WL_12/CORR_X_BBAGO, -309000.0
PETRA/REFORBIT/BPM_WL_6/CORR_X_BBAGO, -655000.0
PETRA/REFORBIT/BPM_WR_0/CORR_X_BBAGO, 206000.0
PETRA/REFORBIT/BPM_WR_7/CORR_X_BBAGO, -31000.0
PETRA/REFORBIT/BPM_WR_13/CORR_X_BBAGO, 2469000.0
PETRA/REFORBIT/BPM_WR_19/CORR_X_BBAGO, -217000.0
PETRA/REFORBIT/BPM_WR_25/CORR_X_BBAGO, 642000.0
PETRA/REFORBIT/BPM_WR_31/CORR_X_BBAGO, -396000.0
PETRA/REFORBIT/BPM_WR_37/CORR_X_BBAGO, 216000.0
PETRA/REFORBIT/BPM_WR_56/CORR_X_BBAGO, 129000.0
PETRA/REFORBIT/BPM_WR_68/CORR_X_BBAGO, 774000.0
PETRA/REFORBIT/BPM_WR_82/CORR_X_BBAGO, 354000.0
PETRA/REFORBIT/BPM_WR_97/CORR_X_BBAGO, 68000.0
PETRA/REFORBIT/BPM_WR_111/CORR_X_BBAGO, -74000.0
PETRA/REFORBIT/BPM_WR_126/CORR_X_BBAGO, 206030.0
PETRA/REFORBIT/BPM_WR_140/CORR_X_BBAGO, 76500.0
PETRA/REFORBIT/BPM_NWL_133/CORR_X_BBAGO, 243900.0
PETRA/REFORBIT/BPM_NWL_118/CORR_X_BBAGO, -16100.0
PETRA/REFORBIT/BPM_NWL_104/CORR_X_BBAGO, 1065100.0
PETRA/REFORBIT/BPM_NWL_90/CORR_X_BBAGO, 1025400.0
PETRA/REFORBIT/BPM_NWL_75/CORR_X_BBAGO, -350600.0
PETRA/REFORBIT/BPM_NWL_61/CORR_X_BBAGO, -643500.0
PETRA/REFORBIT/BPM_NWL_46/CORR_X_BBAGO, -350100.0
PETRA/REFORBIT/BPM_NWL_31/CORR_X_BBAGO, 34300.0
PETRA/REFORBIT/BPM_NWL_13/CORR_X_BBAGO, 605500.0
PETRA/REFORBIT/BPM_NWL_1/CORR_X_BBAGO, 1247480.0
PETRA/REFORBIT/BPM_NWR_13/CORR_X_BBAGO, 1024000.0
PETRA/REFORBIT/BPM_NWR_31/CORR_X_BBAGO, -955300.0
PETRA/REFORBIT/BPM_NWR_46/CORR_X_BBAGO, 400600.0
PETRA/REFORBIT/BPM_NWR_61/CORR_X_BBAGO, -648600.0
PETRA/REFORBIT/BPM_NWR_75/CORR_X_BBAGO, -932300.0
PETRA/REFORBIT/BPM_NWR_90/CORR_X_BBAGO, -1195000.0
PETRA/REFORBIT/BPM_NWR_104/CORR_X_BBAGO, -1380400.0
PETRA/REFORBIT/BPM_NWR_118/CORR_X_BBAGO, -377700.0
PETRA/REFORBIT/BPM_NWR_133/CORR_X_BBAGO, -751600.0
PETRA/REFORBIT/BPM_NL_140/CORR_X_BBAGO, 168200.0
PETRA/REFORBIT/BPM_NL_126/CORR_X_BBAGO, 23600.0
PETRA/REFORBIT/BPM_NL_111/CORR_X_BBAGO, -635900.0
PETRA/REFORBIT/BPM_NL_97/CORR_X_BBAGO, 158500.0
PETRA/REFORBIT/BPM_NL_82/CORR_X_BBAGO, 830400.0
PETRA/REFORBIT/BPM_NL_68/CORR_X_BBAGO, 479000.0
PETRA/REFORBIT/BPM_NL_53/CORR_X_BBAGO, -564160.0
PETRA/REFORBIT/BPM_NL_36/CORR_X_BBAGO, -532000.0
PETRA/REFORBIT/BPM_NL_30/CORR_X_BBAGO, -55000.0
PETRA/REFORBIT/BPM_NL_24/CORR_X_BBAGO, -460000.0
PETRA/REFORBIT/BPM_NL_18/CORR_X_BBAGO, -152000.0
PETRA/REFORBIT/BPM_NL_12/CORR_X_BBAGO, -137000.0
PETRA/REFORBIT/BPM_NL_6/CORR_X_BBAGO, 21000.0
PETRA/REFORBIT/BPM_NR_0/CORR_X_BBAGO, -166000.0
PETRA/REFORBIT/BPM_NR_7/CORR_X_BBAGO, 316000.0
PETRA/REFORBIT/BPM_NR_13/CORR_X_BBAGO, -484000.0
PETRA/REFORBIT/BPM_NR_19/CORR_X_BBAGO, -53000.0
PETRA/REFORBIT/BPM_NR_25/CORR_X_BBAGO, -49000.0
PETRA/REFORBIT/BPM_NR_31/CORR_X_BBAGO, -518000.0
PETRA/REFORBIT/BPM_NR_37/CORR_X_BBAGO, 436000.0
PETRA/REFORBIT/BPM_NR_56/CORR_X_BBAGO, 1074000.0
PETRA/REFORBIT/BPM_NR_62/CORR_X_BBAGO, -420000.0
PETRA/REFORBIT/BPM_NR_65/CORR_X_BBAGO, -2024000.0
PETRA/REFORBIT/BPM_NR_69/CORR_X_BBAGO, 218000.0
PETRA/REFORBIT/BPM_NR_74/CORR_X_BBAGO, -217000.0
PETRA/REFORBIT/BPM_NR_79/CORR_X_BBAGO, -963000.0
PETRA/REFORBIT/BPM_NR_83/CORR_X_BBAGO, -996000.0
PETRA/REFORBIT/BPM_NR_87/CORR_X_BBAGO, -1342000.0
PETRA/REFORBIT/BPM_NR_90/CORR_X_BBAGO, 155900.0
PETRA/REFORBIT/BPM_NR_96/CORR_X_BBAGO, -790100.0
PETRA/REFORBIT/BPM_NR_100/CORR_X_BBAGO, 600000.0
PETRA/REFORBIT/BPM_NR_104/CORR_X_BBAGO, -1077000.0
PETRA/REFORBIT/BPM_NR_111/CORR_X_BBAGO, -110300.0
PETRA/REFORBIT/BPM_NR_126/CORR_X_BBAGO, -455200.0
PETRA/REFORBIT/BPM_NR_140/CORR_X_BBAGO, -144000.0
PETRA/REFORBIT/BPM_NOL_133/CORR_X_BBAGO, 145600.0
PETRA/REFORBIT/BPM_NOL_118/CORR_X_BBAGO, 288000.0
PETRA/REFORBIT/BPM_NOL_104/CORR_X_BBAGO, -174500.0
PETRA/REFORBIT/BPM_NOL_90/CORR_X_BBAGO, 355800.0
PETRA/REFORBIT/BPM_NOL_75/CORR_X_BBAGO, -62000.0
PETRA/REFORBIT/BPM_NOL_61/CORR_X_BBAGO, 154000.0
PETRA/REFORBIT/BPM_NOL_46/CORR_X_BBAGO, 127000.0
PETRA/REFORBIT/BPM_NOL_31/CORR_X_BBAGO, 482000.0
PETRA/REFORBIT/BPM_NOL_10/CORR_X_BBAGO, -41000.0
PETRA/REFORBIT/BPM_NOR_6/CORR_X_BBAGO, 1380000.0
PETRA/REFORBIT/BPM_NOR_11/CORR_X_BBAGO, 623829.0
PETRA/REFORBIT/BPM_NOR_23/CORR_X_BBAGO, 694272.0
PETRA/REFORBIT/BPM_NOR_32/CORR_X_BBAGO, 1151000.0
PETRA/REFORBIT/BPM_NOR_39/CORR_X_BBAGO, 106000.0
PETRA/REFORBIT/BPM_NOR_40/CORR_X_BBAGO, 164000.0
PETRA/REFORBIT/BPM_NOR_44/CORR_X_BBAGO, 691000.0
PETRA/REFORBIT/BPM_NOR_47/CORR_X_BBAGO, -956000.0
PETRA/REFORBIT/BPM_NOR_50/CORR_X_BBAGO, 313600.0
PETRA/REFORBIT/BPM_NOR_52/CORR_X_BBAGO, 458000.0
PETRA/REFORBIT/BPM_NOR_55/CORR_X_BBAGO, 621200.0
PETRA/REFORBIT/BPM_NOR_58/CORR_X_BBAGO, -186000.0
PETRA/REFORBIT/BPM_NOR_62/CORR_X_BBAGO, -9000.0
PETRA/REFORBIT/BPM_NOR_63/CORR_X_BBAGO, 236000.0
PETRA/REFORBIT/BPM_NOR_67/CORR_X_BBAGO, 225000.0
PETRA/REFORBIT/BPM_NOR_70/CORR_X_BBAGO, -461000.0
PETRA/REFORBIT/BPM_NOR_73/CORR_X_BBAGO, 1327700.0
PETRA/REFORBIT/BPM_NOR_78/CORR_X_BBAGO, 1383500.0
PETRA/REFORBIT/BPM_NOR_81/CORR_X_BBAGO, 1343000.0
PETRA/REFORBIT/BPM_NOR_85/CORR_X_BBAGO, -154000.0
PETRA/REFORBIT/BPM_NOR_86/CORR_X_BBAGO, -424000.0
PETRA/REFORBIT/BPM_NOR_90/CORR_X_BBAGO, 904000.0
PETRA/REFORBIT/BPM_NOR_93/CORR_X_BBAGO, 42000.0
PETRA/REFORBIT/BPM_NOR_96/CORR_X_BBAGO, 457000.0
PETRA/REFORBIT/BPM_NOR_98/CORR_X_BBAGO, 0.0
PETRA/REFORBIT/BPM_NOR_101/CORR_X_BBAGO, 813000.0
PETRA/REFORBIT/BPM_NOR_104/CORR_X_BBAGO, -1660000.0
PETRA/REFORBIT/BPM_NOR_108/CORR_X_BBAGO, 307000.0
PETRA/REFORBIT/BPM_NOR_109/CORR_X_BBAGO, 417000.0
PETRA/REFORBIT/BPM_NOR_113/CORR_X_BBAGO, 308000.0
PETRA/REFORBIT/BPM_NOR_116/CORR_X_BBAGO, -477000.0
PETRA/REFORBIT/BPM_NOR_119/CORR_X_BBAGO, 289497.0
PETRA/REFORBIT/BPM_NOR_124/CORR_X_BBAGO, -1201500.0
PETRA/REFORBIT/BPM_NOR_127/CORR_X_BBAGO, 1065000.0
PETRA/REFORBIT/BPM_NOR_131/CORR_X_BBAGO, -193000.0
PETRA/REFORBIT/BPM_NOR_132/CORR_X_BBAGO, -852000.0
PETRA/REFORBIT/BPM_OL_152/CORR_X_BBAGO, 140000.0
PETRA/REFORBIT/BPM_OL_149/CORR_X_BBAGO, -235000.0
PETRA/REFORBIT/BPM_OL_146/CORR_X_BBAGO, 329300.0
PETRA/REFORBIT/BPM_OL_144/CORR_X_BBAGO, 0.0
PETRA/REFORBIT/BPM_OL_141/CORR_X_BBAGO, -109400.0
PETRA/REFORBIT/BPM_OL_138/CORR_X_BBAGO, -594000.0
PETRA/REFORBIT/BPM_OL_134/CORR_X_BBAGO, -83000.0
PETRA/REFORBIT/BPM_OL_133/CORR_X_BBAGO, -85000.0
PETRA/REFORBIT/BPM_OL_129/CORR_X_BBAGO, -344000.0
PETRA/REFORBIT/BPM_OL_126/CORR_X_BBAGO, -818000.0
PETRA/REFORBIT/BPM_OL_123/CORR_X_BBAGO, 1469920.0
PETRA/REFORBIT/BPM_OL_118/CORR_X_BBAGO, -129517.0
PETRA/REFORBIT/BPM_OL_115/CORR_X_BBAGO, 42000.0
PETRA/REFORBIT/BPM_OL_111/CORR_X_BBAGO, 287000.0
PETRA/REFORBIT/BPM_OL_110/CORR_X_BBAGO, 123000.0
PETRA/REFORBIT/BPM_OL_106/CORR_X_BBAGO, 1120000.0
PETRA/REFORBIT/BPM_OL_103/CORR_X_BBAGO, -50000.0
PETRA/REFORBIT/BPM_OL_100/CORR_X_BBAGO, -393600.0
PETRA/REFORBIT/BPM_OL_98/CORR_X_BBAGO, 0.0
PETRA/REFORBIT/BPM_OL_95/CORR_X_BBAGO, 444000.0
PETRA/REFORBIT/BPM_OL_92/CORR_X_BBAGO, -1470000.0
PETRA/REFORBIT/BPM_OL_88/CORR_X_BBAGO, 220000.0
PETRA/REFORBIT/BPM_OL_87/CORR_X_BBAGO, -280000.0
PETRA/REFORBIT/BPM_OL_83/CORR_X_BBAGO, 318000.0
PETRA/REFORBIT/BPM_OL_80/CORR_X_BBAGO, 142000.0
PETRA/REFORBIT/BPM_OL_77/CORR_X_BBAGO, 1545500.0
PETRA/REFORBIT/BPM_OL_75/CORR_X_BBAGO, 0.0
PETRA/REFORBIT/BPM_OL_72/CORR_X_BBAGO, 1496400.0
PETRA/REFORBIT/BPM_OL_69/CORR_X_BBAGO, 92000.0
PETRA/REFORBIT/BPM_OL_65/CORR_X_BBAGO, -3000.0
PETRA/REFORBIT/BPM_OL_64/CORR_X_BBAGO, -609000.0
PETRA/REFORBIT/BPM_OL_60/CORR_X_BBAGO, 1914000.0
PETRA/REFORBIT/BPM_OL_58/CORR_X_BBAGO, 384000.0
PETRA/REFORBIT/BPM_OL_48/CORR_X_BBAGO, -651000.0
PETRA/REFORBIT/BPM_OL_37/CORR_X_BBAGO, -910000.0
PETRA/REFORBIT/BPM_OL_24/CORR_X_BBAGO, 362000.0
PETRA/REFORBIT/BPM_OL_13/CORR_X_BBAGO, -137000.0
PETRA/REFORBIT/BPM_OL_0/CORR_X_BBAGO, 608000.0
PETRA/REFORBIT/BPM_OR_8/CORR_X_BBAGO, 482000.0
PETRA/REFORBIT/BPM_OR_17/CORR_X_BBAGO, 628000.0
PETRA/REFORBIT/BPM_OR_22/CORR_X_BBAGO, -752900.0
PETRA/REFORBIT/BPM_OR_26/CORR_X_BBAGO, -289000.0
PETRA/REFORBIT/BPM_OR_32/CORR_X_BBAGO, 169000.0
PETRA/REFORBIT/BPM_OR_37/CORR_X_BBAGO, 12000.0
PETRA/REFORBIT/BPM_OR_44/CORR_X_BBAGO, 260000.0
PETRA/REFORBIT/BPM_OR_53/CORR_X_BBAGO, 110000.0
PETRA/REFORBIT/BPM_OR_62/CORR_X_BBAGO, -203000.0
PETRA/REFORBIT/BPM_OR_65/CORR_X_BBAGO, -264000.0
PETRA/REFORBIT/BPM_OR_69/CORR_X_BBAGO, 659700.0
PETRA/REFORBIT/BPM_OR_74/CORR_X_BBAGO, -488300.0
PETRA/REFORBIT/BPM_OR_79/CORR_X_BBAGO, 1861000.0
PETRA/REFORBIT/BPM_OR_83/CORR_X_BBAGO, -157000.0
PETRA/REFORBIT/BPM_OR_87/CORR_X_BBAGO, -1726000.0
PETRA/REFORBIT/BPM_OR_90/CORR_X_BBAGO, -522500.0
PETRA/REFORBIT/BPM_OR_96/CORR_X_BBAGO, -626200.0
PETRA/REFORBIT/BPM_OR_100/CORR_X_BBAGO, 1635000.0
PETRA/REFORBIT/BPM_OR_104/CORR_X_BBAGO, 476000.0
PETRA/REFORBIT/BPM_OR_111/CORR_X_BBAGO, -726000.0
PETRA/REFORBIT/BPM_OR_126/CORR_X_BBAGO, -869000.0
PETRA/REFORBIT/BPM_OR_140/CORR_X_BBAGO, 1698000.0
PETRA/REFORBIT/BPM_SOL_133/CORR_X_BBAGO, -501000.0
PETRA/REFORBIT/BPM_SOL_118/CORR_X_BBAGO, -320000.0
PETRA/REFORBIT/BPM_SOL_104/CORR_X_BBAGO, 59000.0
PETRA/REFORBIT/BPM_SOL_90/CORR_X_BBAGO, -349000.0
PETRA/REFORBIT/BPM_SOL_75/CORR_X_BBAGO, 564000.0
PETRA/REFORBIT/BPM_SOL_61/CORR_X_BBAGO, 159000.0
PETRA/REFORBIT/BPM_SOL_54/CORR_X_BBAGO, 97000.0
PETRA/REFORBIT/BPM_SOL_46/CORR_X_BBAGO, 75000.0
PETRA/REFORBIT/BPM_SOL_31/CORR_X_BBAGO, 257000.0
PETRA/REFORBIT/BPM_SOL_24/CORR_X_BBAGO, 0.0
PETRA/REFORBIT/BPM_SOL_13/CORR_X_BBAGO, -634000.0
PETRA/REFORBIT/BPM_SOL_1/CORR_X_BBAGO, 21000.0
PETRA/REFORBIT/BPM_SOR_13/CORR_X_BBAGO, 145800.0
PETRA/REFORBIT/BPM_SOR_31/CORR_X_BBAGO, -4102200.0
PETRA/REFORBIT/BPM_SOR_46/CORR_X_BBAGO, -2705000.0
PETRA/REFORBIT/BPM_SOR_61/CORR_X_BBAGO, -254700.0
PETRA/REFORBIT/BPM_SOR_67/CORR_X_BBAGO, 0.0
PETRA/REFORBIT/BPM_SOR_75/CORR_X_BBAGO, 280900.0
PETRA/REFORBIT/BPM_SOR_90/CORR_X_BBAGO, -351800.0
PETRA/REFORBIT/BPM_SOR_104/CORR_X_BBAGO, -530400.0
PETRA/REFORBIT/BPM_SOR_118/CORR_X_BBAGO, 2100.0
PETRA/REFORBIT/BPM_SOR_133/CORR_X_BBAGO, -253100.0
PETRA/REFORBIT/BPM_SL_140/CORR_X_BBAGO, 1233500.0
PETRA/REFORBIT/BPM_SL_126/CORR_X_BBAGO, 311500.0
PETRA/REFORBIT/BPM_SL_111/CORR_X_BBAGO, 326000.0
PETRA/REFORBIT/BPM_SL_97/CORR_X_BBAGO, 602100.0
PETRA/REFORBIT/BPM_SL_82/CORR_X_BBAGO, 166600.0
PETRA/REFORBIT/BPM_SL_68/CORR_X_BBAGO, 803100.0
PETRA/REFORBIT/BPM_SL_53/CORR_X_BBAGO, 376500.0
PETRA/REFORBIT/BPM_SL_36/CORR_X_BBAGO, 586400.0
PETRA/REFORBIT/BPM_SL_24/CORR_X_BBAGO, 2225000.0
PETRA/REFORBIT/BPM_SL_6/CORR_X_BBAGO, 1078000.0
PETRA/REFORBIT/BPM_SR_6/CORR_X_BBAGO, -464000.0
PETRA/REFORBIT/BPM_SR_24/CORR_X_BBAGO, 1316000.0
PETRA/REFORBIT/BPM_SR_36/CORR_X_BBAGO, 927000.0
PETRA/REFORBIT/BPM_SR_53/CORR_X_BBAGO, -105000.0
PETRA/REFORBIT/BPM_SR_68/CORR_X_BBAGO, 130000.0
PETRA/REFORBIT/BPM_SR_82/CORR_X_BBAGO, 201600.0
PETRA/REFORBIT/BPM_SR_97/CORR_X_BBAGO, -68200.0
PETRA/REFORBIT/BPM_SR_111/CORR_X_BBAGO, -252300.0
PETRA/REFORBIT/BPM_SR_126/CORR_X_BBAGO, -337600.0
PETRA/REFORBIT/BPM_SR_140/CORR_X_BBAGO, -337600.0
PETRA/REFORBIT/BPM_SWL_133/CORR_X_BBAGO, 134000.0
PETRA/REFORBIT/BPM_SWL_118/CORR_X_BBAGO, -944200.0
PETRA/REFORBIT/BPM_SWL_104/CORR_X_BBAGO, -706300.0
PETRA/REFORBIT/BPM_SWL_90/CORR_X_BBAGO, -1500.0
PETRA/REFORBIT/BPM_SWL_75/CORR_X_BBAGO, -243800.0
PETRA/REFORBIT/BPM_SWL_61/CORR_X_BBAGO, -124000.0
PETRA/REFORBIT/BPM_SWL_46/CORR_X_BBAGO, -4000.0
PETRA/REFORBIT/BPM_SWL_39/CORR_X_BBAGO, 20000.0
PETRA/REFORBIT/BPM_SWL_31/CORR_X_BBAGO, 1944000.0
PETRA/REFORBIT/BPM_SWL_13/CORR_X_BBAGO, -862000.0
PETRA/REFORBIT/BPM_SWL_1/CORR_X_BBAGO, 312000.0
PETRA/REFORBIT/BPM_SWR_13/CORR_Y_BBAGO, 693000.0
PETRA/REFORBIT/BPM_SWR_31/CORR_Y_BBAGO, 411000.0
PETRA/REFORBIT/BPM_SWR_46/CORR_Y_BBAGO, -572000.0
PETRA/REFORBIT/BPM_SWR_61/CORR_Y_BBAGO, -47000.0
PETRA/REFORBIT/BPM_SWR_75/CORR_Y_BBAGO, -187300.0
PETRA/REFORBIT/BPM_SWR_90/CORR_Y_BBAGO, 107900.0
PETRA/REFORBIT/BPM_SWR_104/CORR_Y_BBAGO, 710600.0
PETRA/REFORBIT/BPM_SWR_118/CORR_Y_BBAGO, 127100.0
PETRA/REFORBIT/BPM_SWR_133/CORR_Y_BBAGO, -1900.0
PETRA/REFORBIT/BPM_WL_140/CORR_Y_BBAGO, -510700.0
PETRA/REFORBIT/BPM_WL_126/CORR_Y_BBAGO, 71700.0
PETRA/REFORBIT/BPM_WL_111/CORR_Y_BBAGO, -601200.0
PETRA/REFORBIT/BPM_WL_97/CORR_Y_BBAGO, -60800.0
PETRA/REFORBIT/BPM_WL_82/CORR_Y_BBAGO, -323700.0
PETRA/REFORBIT/BPM_WL_68/CORR_Y_BBAGO, 7300.0
PETRA/REFORBIT/BPM_WL_53/CORR_Y_BBAGO, 428020.0
PETRA/REFORBIT/BPM_WL_36/CORR_Y_BBAGO, -582000.0
PETRA/REFORBIT/BPM_WL_30/CORR_Y_BBAGO, -72000.0
PETRA/REFORBIT/BPM_WL_24/CORR_Y_BBAGO, -583000.0
PETRA/REFORBIT/BPM_WL_18/CORR_Y_BBAGO, -190000.0
PETRA/REFORBIT/BPM_WL_12/CORR_Y_BBAGO, -265000.0
PETRA/REFORBIT/BPM_WL_6/CORR_Y_BBAGO, -695000.0
PETRA/REFORBIT/BPM_WR_0/CORR_Y_BBAGO, -331000.0
PETRA/REFORBIT/BPM_WR_7/CORR_Y_BBAGO, -32000.0
PETRA/REFORBIT/BPM_WR_13/CORR_Y_BBAGO, -1672000.0
PETRA/REFORBIT/BPM_WR_19/CORR_Y_BBAGO, -73000.0
PETRA/REFORBIT/BPM_WR_25/CORR_Y_BBAGO, -616000.0
PETRA/REFORBIT/BPM_WR_31/CORR_Y_BBAGO, -259000.0
PETRA/REFORBIT/BPM_WR_37/CORR_Y_BBAGO, -306000.0
PETRA/REFORBIT/BPM_WR_56/CORR_Y_BBAGO, -542000.0
PETRA/REFORBIT/BPM_WR_68/CORR_Y_BBAGO, 1620000.0
PETRA/REFORBIT/BPM_WR_82/CORR_Y_BBAGO, 591000.0
PETRA/REFORBIT/BPM_WR_97/CORR_Y_BBAGO, 520000.0
PETRA/REFORBIT/BPM_WR_111/CORR_Y_BBAGO, -265000.0
PETRA/REFORBIT/BPM_WR_126/CORR_Y_BBAGO, 94980.0
PETRA/REFORBIT/BPM_WR_140/CORR_Y_BBAGO, 157100.0
PETRA/REFORBIT/BPM_NWL_133/CORR_Y_BBAGO, 96500.0
PETRA/REFORBIT/BPM_NWL_118/CORR_Y_BBAGO, 346400.0
PETRA/REFORBIT/BPM_NWL_104/CORR_Y_BBAGO, 286800.0
PETRA/REFORBIT/BPM_NWL_90/CORR_Y_BBAGO, -264200.0
PETRA/REFORBIT/BPM_NWL_75/CORR_Y_BBAGO, -289700.0
PETRA/REFORBIT/BPM_NWL_61/CORR_Y_BBAGO, 658100.0
PETRA/REFORBIT/BPM_NWL_46/CORR_Y_BBAGO, 897500.0
PETRA/REFORBIT/BPM_NWL_31/CORR_Y_BBAGO, 343300.0
PETRA/REFORBIT/BPM_NWL_13/CORR_Y_BBAGO, 808200.0
PETRA/REFORBIT/BPM_NWL_1/CORR_Y_BBAGO, -67700.0
PETRA/REFORBIT/BPM_NWR_13/CORR_Y_BBAGO, -76100.0
PETRA/REFORBIT/BPM_NWR_31/CORR_Y_BBAGO, 365500.0
PETRA/REFORBIT/BPM_NWR_46/CORR_Y_BBAGO, 134500.0
PETRA/REFORBIT/BPM_NWR_61/CORR_Y_BBAGO, 931600.0
PETRA/REFORBIT/BPM_NWR_75/CORR_Y_BBAGO, 560700.0
PETRA/REFORBIT/BPM_NWR_90/CORR_Y_BBAGO, 481100.0
PETRA/REFORBIT/BPM_NWR_104/CORR_Y_BBAGO, 1027300.0
PETRA/REFORBIT/BPM_NWR_118/CORR_Y_BBAGO, 324400.0
PETRA/REFORBIT/BPM_NWR_133/CORR_Y_BBAGO, 135300.0
PETRA/REFORBIT/BPM_NL_140/CORR_Y_BBAGO, 1034500.0
PETRA/REFORBIT/BPM_NL_126/CORR_Y_BBAGO, -439500.0
PETRA/REFORBIT/BPM_NL_111/CORR_Y_BBAGO, -186600.0
PETRA/REFORBIT/BPM_NL_97/CORR_Y_BBAGO, 55600.0
PETRA/REFORBIT/BPM_NL_82/CORR_Y_BBAGO, -145400.0
PETRA/REFORBIT/BPM_NL_68/CORR_Y_BBAGO, 47400.0
PETRA/REFORBIT/BPM_NL_53/CORR_Y_BBAGO, -233490.0
PETRA/REFORBIT/BPM_NL_36/CORR_Y_BBAGO, -215000.0
PETRA/REFORBIT/BPM_NL_30/CORR_Y_BBAGO, 8000.0
PETRA/REFORBIT/BPM_NL_24/CORR_Y_BBAGO, -206000.0
PETRA/REFORBIT/BPM_NL_18/CORR_Y_BBAGO, -25000.0
PETRA/REFORBIT/BPM_NL_12/CORR_Y_BBAGO, -190000.0
PETRA/REFORBIT/BPM_NL_6/CORR_Y_BBAGO, -444000.0
PETRA/REFORBIT/BPM_NR_0/CORR_Y_BBAGO, -266000.0
PETRA/REFORBIT/BPM_NR_7/CORR_Y_BBAGO, -109000.0
PETRA/REFORBIT/BPM_NR_13/CORR_Y_BBAGO, -800000.0
PETRA/REFORBIT/BPM_NR_19/CORR_Y_BBAGO, -644000.0
PETRA/REFORBIT/BPM_NR_25/CORR_Y_BBAGO, -581000.0
PETRA/REFORBIT/BPM_NR_31/CORR_Y_BBAGO, -225000.0
PETRA/REFORBIT/BPM_NR_37/CORR_Y_BBAGO, -1065000.0
PETRA/REFORBIT/BPM_NR_56/CORR_Y_BBAGO, 212000.0
PETRA/REFORBIT/BPM_NR_62/CORR_Y_BBAGO, 531000.0
PETRA/REFORBIT/BPM_NR_65/CORR_Y_BBAGO, -227000.0
PETRA/REFORBIT/BPM_NR_69/CORR_Y_BBAGO, -396000.0
PETRA/REFORBIT/BPM_NR_74/CORR_Y_BBAGO, -624000.0
PETRA/REFORBIT/BPM_NR_79/CORR_Y_BBAGO, 667000.0
PETRA/REFORBIT/BPM_NR_83/CORR_Y_BBAGO, 1162000.0
PETRA/REFORBIT/BPM_NR_87/CORR_Y_BBAGO, -1103000.0
PETRA/REFORBIT/BPM_NR_90/CORR_Y_BBAGO, 484200.0
PETRA/REFORBIT/BPM_NR_96/CORR_Y_BBAGO, -196400.0
PETRA/REFORBIT/BPM_NR_100/CORR_Y_BBAGO, -92000.0
PETRA/REFORBIT/BPM_NR_104/CORR_Y_BBAGO, 79000.0
PETRA/REFORBIT/BPM_NR_111/CORR_Y_BBAGO, -539700.0
PETRA/REFORBIT/BPM_NR_126/CORR_Y_BBAGO, -325000.0
PETRA/REFORBIT/BPM_NR_140/CORR_Y_BBAGO, 41300.0
PETRA/REFORBIT/BPM_NOL_133/CORR_Y_BBAGO, 319000.0
PETRA/REFORBIT/BPM_NOL_118/CORR_Y_BBAGO, -498000.0
PETRA/REFORBIT/BPM_NOL_104/CORR_Y_BBAGO, -456500.0
PETRA/REFORBIT/BPM_NOL_90/CORR_Y_BBAGO, -421200.0
PETRA/REFORBIT/BPM_NOL_75/CORR_Y_BBAGO, 114000.0
PETRA/REFORBIT/BPM_NOL_61/CORR_Y_BBAGO, 31000.0
PETRA/REFORBIT/BPM_NOL_46/CORR_Y_BBAGO, -408000.0
PETRA/REFORBIT/BPM_NOL_31/CORR_Y_BBAGO, -498000.0
PETRA/REFORBIT/BPM_NOL_10/CORR_Y_BBAGO, 245000.0
PETRA/REFORBIT/BPM_NOR_6/CORR_Y_BBAGO, 54000.0
PETRA/REFORBIT/BPM_NOR_11/CORR_Y_BBAGO, 202300.0
PETRA/REFORBIT/BPM_NOR_23/CORR_Y_BBAGO, -209300.0
PETRA/REFORBIT/BPM_NOR_32/CORR_Y_BBAGO, -239000.0
PETRA/REFORBIT/BPM_NOR_39/CORR_Y_BBAGO, 129000.0
PETRA/REFORBIT/BPM_NOR_40/CORR_Y_BBAGO, 141000.0
PETRA/REFORBIT/BPM_NOR_44/CORR_Y_BBAGO, -156000.0
PETRA/REFORBIT/BPM_NOR_47/CORR_Y_BBAGO, 686000.0
PETRA/REFORBIT/BPM_NOR_50/CORR_Y_BBAGO, -50300.0
PETRA/REFORBIT/BPM_NOR_52/CORR_Y_BBAGO, 319000.0
PETRA/REFORBIT/BPM_NOR_55/CORR_Y_BBAGO, -168900.0
PETRA/REFORBIT/BPM_NOR_58/CORR_Y_BBAGO, 679000.0
PETRA/REFORBIT/BPM_NOR_62/CORR_Y_BBAGO, -161000.0
PETRA/REFORBIT/BPM_NOR_63/CORR_Y_BBAGO, 186000.0
PETRA/REFORBIT/BPM_NOR_67/CORR_Y_BBAGO, -171000.0
PETRA/REFORBIT/BPM_NOR_70/CORR_Y_BBAGO, -363000.0
PETRA/REFORBIT/BPM_NOR_73/CORR_Y_BBAGO, 81141.4
PETRA/REFORBIT/BPM_NOR_78/CORR_Y_BBAGO, -215641.0
PETRA/REFORBIT/BPM_NOR_81/CORR_Y_BBAGO, 497000.0
PETRA/REFORBIT/BPM_NOR_85/CORR_Y_BBAGO, 180000.0
PETRA/REFORBIT/BPM_NOR_86/CORR_Y_BBAGO, 424000.0
PETRA/REFORBIT/BPM_NOR_90/CORR_Y_BBAGO, -29000.0
PETRA/REFORBIT/BPM_NOR_93/CORR_Y_BBAGO, -21000.0
PETRA/REFORBIT/BPM_NOR_96/CORR_Y_BBAGO, -220000.0
PETRA/REFORBIT/BPM_NOR_98/CORR_Y_BBAGO, 0.0
PETRA/REFORBIT/BPM_NOR_101/CORR_Y_BBAGO, 100000.0
PETRA/REFORBIT/BPM_NOR_104/CORR_Y_BBAGO, -57000.0
PETRA/REFORBIT/BPM_NOR_108/CORR_Y_BBAGO, 50000.0
PETRA/REFORBIT/BPM_NOR_109/CORR_Y_BBAGO, -376000.0
PETRA/REFORBIT/BPM_NOR_113/CORR_Y_BBAGO, -701000.0
PETRA/REFORBIT/BPM_NOR_116/CORR_Y_BBAGO, 576000.0
PETRA/REFORBIT/BPM_NOR_119/CORR_Y_BBAGO, 312000.0
PETRA/REFORBIT/BPM_NOR_124/CORR_Y_BBAGO, 1482000.0
PETRA/REFORBIT/BPM_NOR_127/CORR_Y_BBAGO, -213000.0
PETRA/REFORBIT/BPM_NOR_131/CORR_Y_BBAGO, 33000.0
PETRA/REFORBIT/BPM_NOR_132/CORR_Y_BBAGO, 417000.0
PETRA/REFORBIT/BPM_OL_152/CORR_Y_BBAGO, -219000.0
PETRA/REFORBIT/BPM_OL_149/CORR_Y_BBAGO, -374000.0
PETRA/REFORBIT/BPM_OL_146/CORR_Y_BBAGO, 674500.0
PETRA/REFORBIT/BPM_OL_144/CORR_Y_BBAGO, 0.0
PETRA/REFORBIT/BPM_OL_141/CORR_Y_BBAGO, 254600.0
PETRA/REFORBIT/BPM_OL_138/CORR_Y_BBAGO, 92000.0
PETRA/REFORBIT/BPM_OL_134/CORR_Y_BBAGO, 148000.0
PETRA/REFORBIT/BPM_OL_133/CORR_Y_BBAGO, 401000.0
PETRA/REFORBIT/BPM_OL_129/CORR_Y_BBAGO, -299000.0
PETRA/REFORBIT/BPM_OL_126/CORR_Y_BBAGO, 423000.0
PETRA/REFORBIT/BPM_OL_123/CORR_Y_BBAGO, -647917.0
PETRA/REFORBIT/BPM_OL_118/CORR_Y_BBAGO, -884983.0
PETRA/REFORBIT/BPM_OL_115/CORR_Y_BBAGO, -156000.0
PETRA/REFORBIT/BPM_OL_111/CORR_Y_BBAGO, 421000.0
PETRA/REFORBIT/BPM_OL_110/CORR_Y_BBAGO, 322000.0
PETRA/REFORBIT/BPM_OL_106/CORR_Y_BBAGO, -768000.0
PETRA/REFORBIT/BPM_OL_103/CORR_Y_BBAGO, 193000.0
PETRA/REFORBIT/BPM_OL_100/CORR_Y_BBAGO, -182200.0
PETRA/REFORBIT/BPM_OL_98/CORR_Y_BBAGO, 0.0
PETRA/REFORBIT/BPM_OL_95/CORR_Y_BBAGO, -295300.0
PETRA/REFORBIT/BPM_OL_92/CORR_Y_BBAGO, 14000.0
PETRA/REFORBIT/BPM_OL_88/CORR_Y_BBAGO, 163000.0
PETRA/REFORBIT/BPM_OL_87/CORR_Y_BBAGO, 498000.0
PETRA/REFORBIT/BPM_OL_83/CORR_Y_BBAGO, -493000.0
PETRA/REFORBIT/BPM_OL_80/CORR_Y_BBAGO, 305000.0
PETRA/REFORBIT/BPM_OL_77/CORR_Y_BBAGO, -11600.0
PETRA/REFORBIT/BPM_OL_75/CORR_Y_BBAGO, 0.0
PETRA/REFORBIT/BPM_OL_72/CORR_Y_BBAGO, -492900.0
PETRA/REFORBIT/BPM_OL_69/CORR_Y_BBAGO, -440000.0
PETRA/REFORBIT/BPM_OL_65/CORR_Y_BBAGO, -48000.0
PETRA/REFORBIT/BPM_OL_64/CORR_Y_BBAGO, -898000.0
PETRA/REFORBIT/BPM_OL_60/CORR_Y_BBAGO, -425000.0
PETRA/REFORBIT/BPM_OL_58/CORR_Y_BBAGO, -184000.0
PETRA/REFORBIT/BPM_OL_48/CORR_Y_BBAGO, 873000.0
PETRA/REFORBIT/BPM_OL_37/CORR_Y_BBAGO, 346000.0
PETRA/REFORBIT/BPM_OL_24/CORR_Y_BBAGO, 669000.0
PETRA/REFORBIT/BPM_OL_13/CORR_Y_BBAGO, 131000.0
PETRA/REFORBIT/BPM_OL_0/CORR_Y_BBAGO, 589000.0
PETRA/REFORBIT/BPM_OR_8/CORR_Y_BBAGO, 201000.0
PETRA/REFORBIT/BPM_OR_17/CORR_Y_BBAGO, -1068850.0
PETRA/REFORBIT/BPM_OR_22/CORR_Y_BBAGO, 819250.0
PETRA/REFORBIT/BPM_OR_26/CORR_Y_BBAGO, -184000.0
PETRA/REFORBIT/BPM_OR_32/CORR_Y_BBAGO, 361000.0
PETRA/REFORBIT/BPM_OR_37/CORR_Y_BBAGO, -39300.0
PETRA/REFORBIT/BPM_OR_44/CORR_Y_BBAGO, 223000.0
PETRA/REFORBIT/BPM_OR_53/CORR_Y_BBAGO, -368000.0
PETRA/REFORBIT/BPM_OR_62/CORR_Y_BBAGO, 574000.0
PETRA/REFORBIT/BPM_OR_65/CORR_Y_BBAGO, -632000.0
PETRA/REFORBIT/BPM_OR_69/CORR_Y_BBAGO, 38100.0
PETRA/REFORBIT/BPM_OR_74/CORR_Y_BBAGO, -442500.0
PETRA/REFORBIT/BPM_OR_79/CORR_Y_BBAGO, 1424000.0
PETRA/REFORBIT/BPM_OR_83/CORR_Y_BBAGO, -240000.0
PETRA/REFORBIT/BPM_OR_87/CORR_Y_BBAGO, -237000.0
PETRA/REFORBIT/BPM_OR_90/CORR_Y_BBAGO, -165300.0
PETRA/REFORBIT/BPM_OR_96/CORR_Y_BBAGO, -741200.0
PETRA/REFORBIT/BPM_OR_100/CORR_Y_BBAGO, -230000.0
PETRA/REFORBIT/BPM_OR_104/CORR_Y_BBAGO, -595000.0
PETRA/REFORBIT/BPM_OR_111/CORR_Y_BBAGO, 732000.0
PETRA/REFORBIT/BPM_OR_126/CORR_Y_BBAGO, -23000.0
PETRA/REFORBIT/BPM_OR_140/CORR_Y_BBAGO, -820000.0
PETRA/REFORBIT/BPM_SOL_133/CORR_Y_BBAGO, -447000.0
PETRA/REFORBIT/BPM_SOL_118/CORR_Y_BBAGO, -496000.0
PETRA/REFORBIT/BPM_SOL_104/CORR_Y_BBAGO, 247000.0
PETRA/REFORBIT/BPM_SOL_90/CORR_Y_BBAGO, -326000.0
PETRA/REFORBIT/BPM_SOL_75/CORR_Y_BBAGO, -460000.0
PETRA/REFORBIT/BPM_SOL_61/CORR_Y_BBAGO, -595000.0
PETRA/REFORBIT/BPM_SOL_54/CORR_Y_BBAGO, 242000.0
PETRA/REFORBIT/BPM_SOL_46/CORR_Y_BBAGO, 113000.0
PETRA/REFORBIT/BPM_SOL_31/CORR_Y_BBAGO, -512000.0
PETRA/REFORBIT/BPM_SOL_24/CORR_Y_BBAGO, 0.0
PETRA/REFORBIT/BPM_SOL_13/CORR_Y_BBAGO, 360000.0
PETRA/REFORBIT/BPM_SOL_1/CORR_Y_BBAGO, -167000.0
PETRA/REFORBIT/BPM_SOR_13/CORR_Y_BBAGO, -93300.0
PETRA/REFORBIT/BPM_SOR_31/CORR_Y_BBAGO, -1198500.0
PETRA/REFORBIT/BPM_SOR_46/CORR_Y_BBAGO, -564000.0
PETRA/REFORBIT/BPM_SOR_61/CORR_Y_BBAGO, -523600.0
PETRA/REFORBIT/BPM_SOR_67/CORR_Y_BBAGO, 0.0
PETRA/REFORBIT/BPM_SOR_75/CORR_Y_BBAGO, -391700.0
PETRA/REFORBIT/BPM_SOR_90/CORR_Y_BBAGO, -1045700.0
PETRA/REFORBIT/BPM_SOR_104/CORR_Y_BBAGO, -390200.0
PETRA/REFORBIT/BPM_SOR_118/CORR_Y_BBAGO, -280600.0
PETRA/REFORBIT/BPM_SOR_133/CORR_Y_BBAGO, -21900.0
PETRA/REFORBIT/BPM_SL_140/CORR_Y_BBAGO, 25300.0
PETRA/REFORBIT/BPM_SL_126/CORR_Y_BBAGO, -317200.0
PETRA/REFORBIT/BPM_SL_111/CORR_Y_BBAGO, -1098300.0
PETRA/REFORBIT/BPM_SL_97/CORR_Y_BBAGO, -756500.0
PETRA/REFORBIT/BPM_SL_82/CORR_Y_BBAGO, -874200.0
PETRA/REFORBIT/BPM_SL_68/CORR_Y_BBAGO, -812000.0
PETRA/REFORBIT/BPM_SL_53/CORR_Y_BBAGO, -798700.0
PETRA/REFORBIT/BPM_SL_36/CORR_Y_BBAGO, 358300.0
PETRA/REFORBIT/BPM_SL_24/CORR_Y_BBAGO, 639000.0
PETRA/REFORBIT/BPM_SL_6/CORR_Y_BBAGO, 986000.0
PETRA/REFORBIT/BPM_SR_6/CORR_Y_BBAGO, 52000.0
PETRA/REFORBIT/BPM_SR_24/CORR_Y_BBAGO, 527000.0
PETRA/REFORBIT/BPM_SR_36/CORR_Y_BBAGO, 11000.0
PETRA/REFORBIT/BPM_SR_53/CORR_Y_BBAGO, -187000.0
PETRA/REFORBIT/BPM_SR_68/CORR_Y_BBAGO, -578000.0
PETRA/REFORBIT/BPM_SR_82/CORR_Y_BBAGO, -220000.0
PETRA/REFORBIT/BPM_SR_97/CORR_Y_BBAGO, -136800.0
PETRA/REFORBIT/BPM_SR_111/CORR_Y_BBAGO, -199700.0
PETRA/REFORBIT/BPM_SR_126/CORR_Y_BBAGO, -179500.0
PETRA/REFORBIT/BPM_SR_140/CORR_Y_BBAGO, -27100.0
PETRA/REFORBIT/BPM_SWL_133/CORR_Y_BBAGO, -266800.0
PETRA/REFORBIT/BPM_SWL_118/CORR_Y_BBAGO, 94200.0
PETRA/REFORBIT/BPM_SWL_104/CORR_Y_BBAGO, -340900.0
PETRA/REFORBIT/BPM_SWL_90/CORR_Y_BBAGO, 119900.0
PETRA/REFORBIT/BPM_SWL_75/CORR_Y_BBAGO, 297000.0
PETRA/REFORBIT/BPM_SWL_61/CORR_Y_BBAGO, 90000.0
PETRA/REFORBIT/BPM_SWL_46/CORR_Y_BBAGO, -105000.0
PETRA/REFORBIT/BPM_SWL_39/CORR_Y_BBAGO, -885000.0
PETRA/REFORBIT/BPM_SWL_31/CORR_Y_BBAGO, -1031000.0
PETRA/REFORBIT/BPM_SWL_13/CORR_Y_BBAGO, 1045000.0
PETRA/REFORBIT/BPM_SWL_1/CORR_Y_BBAGO, 456000.0
PETRA/GLOBALSCOLLECTOR/keyword/NumberOfBunches, 40
PETRA/GLOBALSCOLLECTOR/keyword/Energy, 6.083301
PETRA/GLOBALSCOLLECTOR/keyword/Energy.EGU, "GeV"
PETRA/GLOBALSCOLLECTOR/keyword/BeamCurrent, 9.761858940124512
PETRA/GLOBALSCOLLECTOR/keyword/ParticleTypeText, "Elektronen"
PETRA/GLOBALSCOLLECTOR/keyword/BeamPermissionText, "Vorhanden"
PETRA/GLOBALSCOLLECTOR/keyword/Optic, "p3x_v24"
PETRA/GLOBALSCOLLECTOR/keyword/RequestedOperationMode, "Studien"
